"Author, Last","Author, First",Series,Series #,Title,Pbk?,ISBN,Comments
Abé,Shana,,,The Dream Thief,✓,978-0-553-58805-7,
Adams,Richard,,,Watership Down,✓,0-380-00293-0,
Akamatsu,Ken,Negima! Magister Negi Magi,1,Don't Touch That Wand!,✓,0-345-47046-X,
Akamatsu,Ken,Negima! Magister Negi Magi,3,Blood Feud With A Vampire,✓,0-345-47180-6,
Alderton,David,D K Pockets,,Cats,✓,1-56458-886-6,
Alexander ,Lloyd,,,Time Cat,✓,0-14-037827-8,
Allen,Paula Gunn,,,Voice of the Turtle: American Indian Literature 1900-1970,✓,0-345-39505-0,
Andersen,Hans Christian,,,Andersen's Fairy Tales,,,
Aristotle,,,,Aristotle Selections,✓,0-684-14699-1,
Aristotle,,,,Politics & Poetics,,,Unshelved
Armstrong,William H.,,,Sounder,✓,0-439-58575-9,
Austen,Jane,,,Emma,,0-7607-0165-2,
Austen,Jane,,,Pride and Prejudice,✓,0-393-96294-6,
Averill,Esther,,,The Fire Cat,✓,0-06-444038-9,
Avi,,,,The Good Dog,✓,0-689-83825-5,
Bagilo,Ben M.,Animal Ark,1,Kittens in the Kitchen,✓,0-590-18749-X,
Bagilo,Ben M.,Animal Ark,2,Pony on the Porch,✓,0-590-18750-3,
Bagilo,Ben M.,Animal Ark,3,Puppies in the Pantry,✓,0-590-18751-1,
Bagilo,Ben M.,Animal Ark,4,Goat in the Garden,✓,0-590-18752-X,
Bagilo,Ben M.,Animal Ark,5,Hedgehogs in the Hall,✓,0-590-37684-5,
Bagilo,Ben M.,Animal Ark,7,Sheepdog in the Snow,✓,0-590-18757-0,
Bagilo,Ben M.,Animal Ark,8,Cub in the Cupboard,✓,0-590-18755-4,
Bagilo,Ben M.,Animal Ark,9,Piglet in a Playpen,✓,0-590-18756-2,
Bagilo,Ben M.,Animal Ark,10,Ponies at the Point,✓,0-590-66231-7,
Bagilo,Ben M.,Animal Ark,11,Owl in the Office,✓,0-439-08416-4,
Bagilo,Ben M.,Animal Ark,12,Lamb in the Laundry,✓,0-439-08642-6,
Bagilo,Ben M.,Animal Ark,13,Kitten in the Cold,✓,0-439-09698-7,
Bagilo,Ben M.,Animal Ark,14,Goose on the Loose,✓,0-439-09699-5,
Bagilo,Ben M.,Animal Ark,15,Bunnies in the Bathroom,✓,0-439-09700-2,
Bagilo,Ben M.,Animal Ark,16,Hamster in a Handbasket,✓,0-439-09701-0,
Bagilo,Ben M.,Animal Ark,17,Squirrels in the School,✓,0-439-09702-9,
Bagilo,Ben M.,Animal Ark,18,Fox in the Frost,✓,0-439-23017-9,
Bagilo,Ben M.,Animal Ark,19,Guiena Pig in the Garage,✓,0-439-23018-7,
Bagilo,Ben M.,Animal Ark,20,Shetland in the Shed,✓,0-439-23019-5,
Bagilo,Ben M.,Animal Ark,21,Raccoons on the Roof,✓,0-439-23020-9,
Bagilo,Ben M.,Animal Ark,22,Dolphin in the Deep,✓,0-439-23021-7,
Bagilo,Ben M.,Animal Ark,23,Bears in the Barn,✓,0-439-23022-5,
Bagilo,Ben M.,Animal Ark,24,Foals in the Field,✓,0-439-34385-2,
Bagilo,Ben M.,Animal Ark,25,Dog at the Door,✓,0-439-34386-0,
Bagilo,Ben M.,Animal Ark,26,Horse in the House,✓,0-439-34387-9,
Bagilo,Ben M.,Animal Ark,27,Pony in a Package,✓,0-439-34388-7,
Bagilo,Ben M.,Animal Ark,28,Puppy in a Puddle,✓,0-439-34389-5,
Bagilo,Ben M.,Animal Ark,29,Tabby in the Tub,✓,0-439-34390-9,
Bagilo,Ben M.,Animal Ark,30,Pup at the Palace,✓,0-439-34391-7,
Bagilo,Ben M.,Animal Ark,31,Mare in the Meadow,✓,0-439-34392-5,
Bagilo,Ben M.,Animal Ark,32,Cats at the Campground,✓,0-439-34393-3,
Bagilo,Ben M.,Animal Ark,33,Hound at the Hospital,✓,0-439-44891-3,
Bagilo,Ben M.,Animal Ark,34,Terrier in the Tinsel,✓,0-439-44892-1,
Bagilo,Ben M.,Animal Ark,35,Hamster in the Holly,✓,0-439-44893-X,
Bagilo,Ben M.,Animal Ark,36,Husky in a Hut,✓,0-439-44894-8,
Bagilo,Ben M.,Animal Ark,37,Polars on the Path,✓,0-439-44895-6,
Bagilo,Ben M.,Animal Ark,38,Labrador on the Lawn,✓,0-439-68488-9,
Bagilo,Ben M.,Animal Ark Hauntings,1,Stallion in the Storm,✓,0-439-34126-4,
Bagilo,Ben M.,Animal Ark Hauntings,2,Cat in the Crypt,✓,0-439-34407-7,
Bagilo,Ben M.,Animal Ark Hauntings,3,Dog in the Dungeon,✓,0-439-34408-5,
Bagilo,Ben M.,Animal Ark Hauntings,4,Colt in the Cave,✓,0-439-34413-1,
Bagilo,Ben M.,Animal Ark Hauntings,5,Foal in the Fog,✓,0-439-34415-8,
Bagilo,Ben M.,Animal Ark Hauntings,6,Hound on the Heath,✓,0-439-44897-2,
Bagilo,Ben M.,Animal Ark Hauntings,7,Wolf at the Window,✓,0-439-44896-4,
Bagilo,Ben M.,Animal Ark Hauntings,8,Cats in the Castle,✓,0-439-44898-0,
Bagilo,Ben M.,Animal Ark Pets,1,Puppy Puzzle,✓,0-439-05158-4,
Bagilo,Ben M.,Animal Ark Pets,2,Kitten Crowd,✓,0-439-05159-2,
Bagilo,Ben M.,Animal Ark Pets,6,Chick Challenge,✓,0-439-05163-0,
Bagilo,Ben M.,Animal Ark Pets,8,Guinea Pig Gang,✓,0-439-05165-7,
Bagilo,Ben M.,Animal Ark Pets,10,Duckling Diary,✓,0-439-05167-3,
Bagilo,Ben M.,Animal Ark Pets,12,Doggy Dare,✓,0-439-05169-X,
Bagilo,Ben M.,Animal Ark Pets,13,Cat Crazy,✓,0-439-05170-3,
Bagilo,Ben M.,Animal Ark Short Stories,,The Kitten That Won First Prize & Others,✓,0-439-09703-7,
Baker,E. D.,The Frog Princess,1,The Frog Princess,✓,1-58234-923-1,
Baker,E. D.,The Frog Princess,2,Dragon's Breath,,1-58234-858-8,
Baker,E. D.,The Frog Princess,3,Once Upon a Curse,,1-58234-892-8,
Baker,Richard,The Last Mythal,1,Forsaken House,✓,0-7869-3260-0,
Baker,Richard,The Last Mythal,3,Final Gate,✓,978-0-7869-4002-8,
Banks,Carolyn,,,A Horse to Die For,✓,0-449-14969-2,
Barrie,J. M.,,,Peter Pan,✓,0-694-01318-8,
Barwick,Dee Danner,,,A Treasury of Days: Words of Gold,,0-8378-1803-6,
Bates,H. E.,,,The Purple Plain,,,
Bathroom Reader's Institute,,,,Uncle John's Great Big Bathroom Reader,✓,1-879682-69-9,
Batten,Mary,,,Baby Wolf,✓,0-448-41645-X,
Baum,L. Frank,,,The Wizard of Oz,✓,0-694-01319-6,
Baxter,Stephen,Flood,1,Flood,✓,978-0-451-46328-9,
Baxter,Stephen,Flood,2,Ark,✓,978-0-451-46359-3,
Beagle,Peter S.,,,The Last Unicorn,✓,0-451-45052-3,
Beatty,Hetty Burlingame,,,Blitz,✓,,
Behrendt,Greg,,,He's Just Not That Into You,,0-689-87474-X,
Benton,Jim,"Dear Dumb Diary,",,Let's Pretend This Never Happened,✓,0-439-62904-7,Taped
Bishop,Anne,Black Jewels,1 - 3,The Black Jewels Trilogy,✓,978-0-451-52901-5,
Bishop,Anne,Ephemera,1,Sebastian,,0-451-46073-1,
Bishop,Anne,Ephemera,2,Belladonna,,978-0-451-46126-1,
Bishop,Anne,,,The House of Gaian,✓,0-451-45942-3,
Blume,Judy,Fudge,1,Tales of a Fourth Grade Nothing,✓,0-439-55986-3,
Blume,Judy,Fudge,2,Superfudge,✓,0-439-55894-7,
Blume,Judy,Fudge,3,Fudge-A-Mania,✓,0-439-55985-5,
Blume,Judy,Fudge,4,Double Fudge,✓,0-439-58549-X,
Bradbury,Ray,,,Fahrenheit 451,✓,978-1-4516-7331-9,
Bradbury,Ray,,,Something Wicked This Way Comes,✓,978-0-380-72940-7,
Bradley,Marion Zimmer,,,The Mists of Avalon,✓,0-345-35049-9,
Brennan,Caitlin,,,The Mountain's Call,✓,0-373-80210-2,
Brett,Peter V.,The Demon Cycle,1,The Warded Man,✓,978-0-345-51870-5,
Brett,Peter V.,The Demon Cycle,2,The Desert Spear,✓,978-0-345-52414-0,
Brett,Peter V.,The Demon Cycle,3,The Daylight War,✓,978-0-345-52415-7,
Brink,Carol Ryrie,,,Caddie Woodlawn,✓,0-689-71370-3,
Britain,Kristen,,,Green Rider,✓,0-88677-858-1,
Brooks,Terry,,,A Knight of the Word,,0-345-37963-2,
Brust,Steven,Vlad Taltos,1 - 3,The Book of Jhereg,✓,0-441-00615-9,
Brust,Steven,Vlad Taltos,4 - 5,The Book of Taltos,✓,978-0-441-00894-0,
Brust,Steven,Vlad Taltos,6 - 7,The Book of Athyra,✓,978-0-441-01010-3,
Bryant,Bonnie,The Saddle Club,1,Horse Crazy,✓,0-553-15594-6,
Bryant,Bonnie,The Saddle Club,2,Horse Shy,✓,0-553-15611-X,
Bryant,Bonnie,The Saddle Club,3,Horse Sense,✓,0-553-15626-8,
Bryant,Bonnie,The Saddle Club,4,Horse Power,✓,0-553-15637-3,
Bryant,Bonnie,The Saddle Club,33,High Horse,✓,0-553-48147-9,
Bulfinch,Thomas,,,Bulfinch's Mythology,,,Unshelved
Burnett,Frances Hodgson,,,A Little Princess,✓,0-439-11471-3,
Burnett,Frances Hodgson,,,The Secret Garden,,0-06-095389-6,
Burroughs,Edgar Rice,,,Tarzan Lord of the Jungle,,,Unshelved
Caffery,Nancy,,,Lost Pony,✓,,Taped
Calhoun,Mary,,,Cross-Country Cat,,0-688-32168-0,
Campbell,Alan,Deepgate,1,Scar Night,✓,978-0-553-58931-3,
Campbell,Alan,Deepgate,2,Iron Angel,,978-0-553-38417-8,
Campbell,Joanna,,,The Thoroughbred,✓,0-553-20601-X,
Canavan,Trudi,Kyralia: 1 The Black Magician,1,The Magicians' Guild,✓,978-0-06-057528-1,
Canavan,Trudi,Kyralia: 1 The Black Magician,2,The Novice,✓,978-0-06-057529-8,
Canavan,Trudi,Kyralia: 1 The Black Magician,3,The High Lord,✓,978-0-06-057530-4,
Canavan,Trudi,Kyralia: 2 The Traitor Spy,1,The Ambassador's Mission,✓,978-0-316-03781-5,
Canavan,Trudi,Kyralia: 2 The Traitor Spy,2,The Rogue,✓,978-0-316-03784-6,
Canavan,Trudi,Kyralia: 2 The Traitor Spy,3,The Traitor Queen,✓,978-0-316-03790-7,
Canfield,Jack,Chicken Soup,,Chicken Soup for the Teenage Soul 4,✓,0-7573-0233-5,
Capote,Truman,,,In Cold Blood,,0-679-60023-X,
Carleton,Will,,,Farm Legends,,,Unshelved
Carroll,Lewis,,,Alice's Adventures in Wonderland & Through the Looking-Glass,✓,,
Cashore,Kristin,Graceling,1,Graceling,✓,978-0-547-25830-0,
Castiglione,Baldesar,,,The Book of the Courtier,✓,,Library of Congress Catalog Card No. 59-12883
Caulfield,Genevieve,,,The Kingdom Within,,,Library of Congress Catalog Card No. 59-13279
Cellini,Benvenuto,The Works of...,,The Works of Cellini,,,
Chambless-Rigie,Jane,,,The Three Little Kittens,,0-307-03946-3,
Chance,Karen,Cassie Palmer,1,Touch the Dark,✓,0-451-46093-6,
Chance,Karen,Cassie Palmer,2,Claimed by Shadow,✓,978-0-451-46152-0,
Chance,Karen,Cassie Palmer,3,Embrace the Night,✓,978-0-451-46199-5,
Chance,Karen,Cassie Palmer,4,Curse the Dawn,✓,978-0-451-41270-6,
Chandler,David,Ancient Blades,1,Den of Thieves,,978-1-61129-915-1,
Chekhov,Anton,The Works of...,,The Works of Chekhov,,,
Cherryh,C. J.,The Faded Sun,1 - 3,The Faded Sun Trilogy,✓,0-88677-869-7,
Cherryh,C.J.,,,Fortress in the Eye of Time,,0-06-109295-9,
Cisneros,Sandra,,,The House on Mango Street,✓,978-0-679-73477-2,
Cleary,Beverly,,,Ramona's World,✓,0-380-73272-6,
Clement-Davies,David,,,The Sight,✓,978-0-14-240874-2,
Cobban,J. Maclaren,,,The King of Andaman,,,Unshelved
Collier,,The World's Great Events,1,Creation to B.C. 207,,,
Collier,,The World's Great Events,2,B.C. 207 to A.D. 1190,,,
Collier,,The World's Great Events,3,1190 to 1508,,,
Collier,,The World's Great Events,4,1508 to 1688,,,
Collier,,The World's Great Events,5,1688 to 1792,,,
Collier,,The World's Great Events,6,1792 to 1857,,,
Collier,,The World's Great Events,7,1857 to 1904,,,
Collins,Suzanne,The Hunger Games,1,The Hunger Games,,978-0-439-02348-1,
Collins,Suzanne,The Hunger Games,2,Catching Fire,,978-0-439-02349-8,
Collins,Suzanne,The Hunger Games,3,Mockingjay,,978-0-439-02351-1,
Collins,Wilkie,,,The Woman in White,,,Unshelved
Commager,Henry Steele,,,The Heritage of America,,,
Conway,Nicole,The Dragonrider,1,Fledgling,✓,978-1-49299-378-0,Taped
Cornwell,Bernard,Arthur,,The Winter King,✓,0-312-15696-0,
Costello,Emily,Animal Emergency,4,Runaway Wolf Pups,✓,0-380-79757-7,
Costello,Emily,Animal Emergency,7,Hit-And-Run Retriever,✓,0-380-81600-8,
Courlander,Harold,,,A Treasury of African Folklore,,,Library of Congress Catalog Card No. 74-80306
Creech,Sharon,,,Chasing Redbird,✓,0-06-440696-2,
Creech,Sharon,,,Walk Two Moons,✓,978-0-06-056013-3,
Crichton,Michael,,,The Andromeda Strain,,,Library of Congress Catalog Card No. 69-14731
Croggon,Alison,Pellinor,1,The Naming,✓,978-0-7636-3162-8,
Croggon,Alison,Pellinor,2,The Riddle,✓,978-0-7636-3414-8,
Croggon,Alison,Pellinor,3,The Crow,✓,978-0-7636-4146-7,
Croggon,Alison,Pellinor,4,The Singing,,978-0-7636-3665-4,
Cronin,A. J.,,,The Green Years,,,
Cross,Janine,The Dragon Temple Saga,1,Touched by Venom,✓,0-451-46079-0,
Cross,Janine,The Dragon Temple Saga,2,Shadowed by Wings,✓,0-451-46089-8,
Cross,Janine,The Dragon Temple Saga,3,Forged by Fire,✓,978-0-451-46128-5,
D'Lacey,Chris,Last Dragon Chronicles,1,The Fire Within,✓,0-439-67244-9,
D'Lacey,Chris,Last Dragon Chronicles,2,Icefire,✓,0-439-67246-5,
D'Lacey,Chris,Last Dragon Chronicles,3,Fire Star,✓,978-0-439-90185-7,
D'Lacey,Chris,Last Dragon Chronicles,4,The Fire Eternal,✓,978-0-545-05164-4,
Dahl,Roald,,,Charlie and the Chocolate Factory,,,
Dahl,Roald,,,James and the Giant Peach,✓,0-14-037424-8,
Dandelion Library,,Children's Stories,1,Andersen's Fairy Tales & Johnny Crow's Garden,,,Unshelved
Dandelion Library,,Children's Stories,2,Grimm's Fairy Tales & Babar the King,,,Unshelved
Dandelion Library,,Children's Stories,3,The Tale of Peter Rabbit & The Tavels of Babar,,,Unshelved
Dandelion Library,,Children's Stories,4,Heidi & The Story of Babar,,,Unshelved
Dandelion Library,,Children's Stories,5,Alice in Wonderland & Peter Pan,,,Unshelved
Dandelion Library,,Children's Stories,6,Robin Hood & Pinocchio,,,Unshelved
Dandelion Library,,Children's Stories,7,I'm Tired of Lions & Flip,,,Unshelved
Dandelion Library,,Children's Stories,8,"Petunia, I Love You & Trubloff",,,Unshelved
Dandelion Library,,Children's Stories,9,A Treasury of Nursery Rhymes & Tom Thumb and Other Favorites,,,Unshelved
Daniells,Rowena Cory,The Chronicles of King Rolen's Kin,1,The King's Bastard,✓,978-1-907519-01-7,
Daniells,Rowena Cory,The Chronicles of King Rolen's Kin,2,The Uncrowned King,✓,978-1-907519-05-5,Water damage
Daniells,Rowena Cory,The Chronicles of King Rolen's Kin,3,The Usurper,✓,978-1-907519-07-9,
Daniells,Rowena Cory,The Chronicles of King Rolen's Kin,4,King Breaker,✓,978-1-78108-150-1,
Daniells,Rowena Cory,The Outcast Chronicles,1,Besieged,✓,978-1-78108-011-5,
Daniells,Rowena Cory,The Outcast Chronicles,2,Exile,✓,978-1-78108-013-9,
Daniells,Rowena Cory,The Outcast Chronicles,3,Sanctuary,✓,978-1-78108-015-3,
Daniels,Lucy,The Horseshoe Trilogies,1,Keeping Faith,✓,0-7868-1618-X,
Darwin,Charles,,,Descent of Man,,,Unshelved
Darwin,Charles,,,Origin of Species,,,Unshelved; 2 owned - different editions
Daugherty,William E.,,,A Psychological Warfare Casebook,,,
Dennis,Wesley,,,Tumble: The Story of a Mustang,✓,,
DiCamillo,Kate,,,The Tale of Desperaux,✓,978-0-7636-2529-0,
DiCamillo,Kate,,,The Tiger Rising,✓,0-7636-1898-5,
Dick,Philip K.,,,Do Androids Dream of Electric Sheep?,✓,978-0-345-40447-3,
Dickens,Charles,,,A Tale of Two Cities,,,
Dickens,Charles,,,Great Expectations,,,
Dickens,Charles,,,Martin Chuzzlewit,,,
Dickens,Charles,,,The Old Curiosity Shop,,,
Dickens,Charles,,,The Works of Charles Dickens,,0-681-27066-7,
Dickerson,Karle,,,The Forgotten Filly,✓,0-06-106732-6,
Dickey,Thomas,,,The Kings of El Dorado,,0-86706-082-4,Unshelved
Diggs,Lucy,,,Everyday Friends,✓,0-8167-1047-3,Taped
Dinesen,Isak,,,Winter's Tales,,,
Doctorow,Cory,,,The Great Big Beautiful Tomorrow,✓,978-1-60486-404-5,
Dostoevsky,Fyodor,,,Crime and Punishment,,,
Doughty,Charles M.,,,Travels in Arabia Deserta,,,Unshelved
Downer,Ann,,,Hatching Magic,✓,0-689-87057-4,
Doyle,A. Conan,The Works of...,,The Works of Doyle,,,
Doyle,Sir Arthur Conan,The Complete Sherlock Holmes,,Volume 1,,,
Dumas,Alexandre,Count of Monte Cristo,1,Vol. I.,,,Unshelved
Dumas,Alexandre,Count of Monte Cristo,2,Vol. II.,,,Unshelved
Dumas,Alexandre,,,The Three Musketeers,,,Library of Congress Catalog Card No. 53-3494
Duncan,Dave,The King's Blades,3,Sky of Swords,✓,0-380-79128-5,
Elliott,Kate,Spirit Walker,1,Cold Magic,✓,978-0-316-08087-3,
Elliott,Kate,Spirit Walker,2,Cold Fire,✓,978-0-316-08098-9,
Elliott,Kate,Spirit Walker,3,Cold Steel,✓,978-0-316-08090-3,
Elton,G. R.,,,Reformation Europe (1517-1559),,,Library of Congress Catalog Card No. 64-11049
Emerson,Ralph Waldo,The Works of...,,The Works of Emerson,,,
Evans,Nicholas,,,The Horse Whisperer,✓,0-440-22265-6,
Ewing,Lynne,Daughters of the Moon,1 - 3,Daughters of the Moon,✓,978-142313450-3,
Farley,Steven,Black Stallion,1,The Black Stallion's Shadow,✓,0-679-89046-7,
Farley,Terri,The Phantom Stallion,1,The Wild One,✓,0-06-441085-4,
Farley,Terri,The Phantom Stallion,2,Mustang Moon,✓,0-06-441086-2,
Farley,Terri,The Phantom Stallion,3,Dark Sunshine,✓,0-06-441087-0,
Farley,Terri,The Phantom Stallion,4,The Renegade,✓,0-06-441088-9,
Farley,Terri,The Phantom Stallion,5,Free Again,✓,0-06-441089-7,
Farley,Terri,The Phantom Stallion,6,The Challenger,✓,0-06-441090-0,
Farley,Terri,The Phantom Stallion,7,Desert Dancer,✓,0-06-053725-6,
Farley,Terri,The Phantom Stallion,8,Golden Ghost,✓,0-06-053726-4,
Farley,Terri,The Phantom Stallion,9,Gift Horse,✓,0-06-056157-2,
Farley,Terri,The Phantom Stallion,10,Red Feather Filly,✓,0-06-056158-0,
Farley,Terri,The Phantom Stallion,11,Untamed,✓,0-06-056159-9,
Farley,Terri,The Phantom Stallion,12,Rain Dancer,✓,0-06-058313-4,
Farley,Terri,The Phantom Stallion,13,Heartbreak Bronco,✓,0-06-058314-2,
Farley,Terri,The Phantom Stallion,14,Moonrise,✓,0-06-058315-0,
Farley,Terri,The Phantom Stallion,15,Kidnapped Colt,✓,0-06-058316-9,
Farley,Terri,The Phantom Stallion,16,The Wildest Heart,✓,0-06-058317-7,
Farley,Terri,The Phantom Stallion,17,Mountain Mare,✓,978-0-06-075845-5,
Farley,Walter,The Black Stallion,1,The Black Stallion,✓,0-679-81343-8,
Farley,Walter,The Black Stallion,2,The Black Stallion Returns,✓,0-679-81344-6,
Farley,Walter,The Black Stallion,3,Son of the Black Stallion,✓,0-679-81345-4,
Farley,Walter,The Black Stallion,4,The Island Stallion,✓,0-394-84376-2,Taped
Farley,Walter,The Black Stallion,5,The Black Stallion and Statan,✓,0-679-81346-2,
Farley,Walter,The Black Stallion,7,The Island Stallion's Fury,✓,0-394-84373-8,
Farley,Walter,The Black Stallion,8,The Black Stallion's Filly,✓,0-394-83916-1,
Farley,Walter,The Black Stallion,9,The Black Stallion Revolts,✓,0-394-83613-8,
Farley,Walter,The Black Stallion,11,The Island Stallion Races,✓,0-394-84375-4,
Farley,Walter,The Black Stallion,12,The Black Stallion's Courage,✓,0-394-83918-8,
Farley,Walter,The Black Stallion,13,The Black Stallion Mystery,✓,0-679-82700-5,
Farley,Walter,The Black Stallion,15,The Black Stallion and Flame,✓,0-679-82020-5,
Farley,Walter,The Black Stallion,21,Young Black Stallion,✓,0-375-82935-0,
Fast,Howard,,,The Last Frontier,,,Unshelved
Faulkner,William,,,As I Lay Dying,,0-375-50452-4,Taped outer cover
Fertig,Michael P.,,,If Cats Could Talk: The Meaning of Meow,,978-1-4127-4051-7,
Fisher,Jude,Fool's Gold,1,Sorcery Rising,✓,0-7654-0110-0,
Fisher,Jude,Fool's Gold,2,Wild Magic,✓,0-7564-0189-5,
Fisher,Jude,Fool's Gold,3,The Rose of the World,✓,0-7564-0337-5,
Fitzgeralds,The,,,My Animal Alphabet Book,,,Cloth book
Fitzhugh,Louise,,,Harriet the Spy,✓,0-440-41679-5,
Flynn,Gillian,,,Gone Girl,,,
Forsyth,Kate,Rhiannon's Ride,1,The Tower of Ravens,✓,0-451-46032-4,
Forsyth,Kate,Rhiannon's Ride,2,The Shining City,✓,0-451-46080-4,
Forsyth,Kate,Rhiannon's Ride,3,The Heart of Stars,✓,978-0-451-46144-5,
Francis,Diana Pharaoh,Crosspointe,1,The Cipher,✓,978-0-451-46179-7,
Francis,Diana Pharaoh,Crosspointe,2,The Black Ship,✓,978-0-451-46242-8,
Francis,Diana Pharaoh,Crosspointe,3,The Turning Tide,✓,978-0-451-46268-8,
Francis,Diana Pharaoh,Crosspointe,4,The Hollow Crown,✓,978-0-451-46339-5,
Francis,Diana Pharaoh,Path of Fate,1,Path of Fate,✓,978-0-451-45950-3,
Francis,Diana Pharaoh,Path of Fate,2,Path of Honor,✓,978-0-451-45991-6,
Francis,Diana Pharaoh,Path of Fate,3,Path of Blood,✓,978-0-451-46082-0,Author Autographed
Frank,Anne,,,Anne Frank: The Diary of a Young Girl,✓,0-671-49620-4,
Friedman,Thomas L.,,,The Lexus and the Olive Tree,,0-374-19203-0,
Friedman,Thomas L.,,,The World Is Flat,,0-374-29288-4,
Funk,Wilfred,,,Word Origins and Their Romantic Stories,,,
Funke,Cornelia,Inkheart,1,Inkheart,✓,0-439-53165-9,Taped
Funke,Cornelia,Inkheart,2,Inkspell,,0-439-55400-4,
Funke,Cornelia,Inkheart,3,Inkdeath,,978-0-439-86628-6,
Funke,Cornelia,,,Dragon Rider,,0-439-68513-3,
Funke,Cornelia,,,The Thief Lord,,0-439-85271-4,
Gabaldon,Diana,,,The Exile,,978-0-345-50538-5,Author Autographed
Garrity,Devin A.,,,44 Irish Short Stories,,,Short story collection by different authors; Library of Congress Catalog Card No. 54-10817
Gear,W. Michael,People,1,People of the Wolf,✓,0-765-35030-0,
Gear,W. Michael,People,2,People of the Fire,✓,0-812-52150-1,
Gear,W. Michael,People,3,People of the Earth,✓,0-812-50742-8,
Gear,W. Michael,People,4,People of the River,✓,0-812-50743-6,
Gear,W. Michael,People,6,People of the Lakes,✓,0-812-50747-9,
Gear,W. Michael,People,7,People of the Lightning,✓,0-812-51556-0,
Gear,W. Michael,People,8,People of the Silence,✓,0-812-51559-5,
Gear,W. Michael,People,9,People of the Mist,✓,0-812-51560-9,
Gear,W. Michael,People,10,People of the Masks,✓,0-812-51561-7,
Gear,W. Michael,People,11,People of the Owl,✓,0-812-58983-1,
Gear,W. Michael,People,12,People of the Raven,✓,0-765-34757-1,
George,David L.,,,The Family Book of Best Loved Poems,,,
George,Jean Craighead,Julie of the Wolves,1,Julie of the Wolves,✓,0-06-440058-1,
George,Jean Craighead,Julie of the Wolves,2,Julie,✓,0-06-440573-7,
George,Jean Craighead,Julie of the Wolves,3,Julie's Wolf Pack,✓,0-06-440721-7,
George,Jean Craighead,My Side of the Mountain,1,My Side of the Mountain,✓,978-0-14-240111-8,
George,Jean Craighead,My Side of the Mountain,2,On the Far Side of the Mountain,✓,978-0-14-131241-5,
George,Jean Craighead,My Side of the Mountain,3,Frightful's Mountain,✓,978-0-14-131235-4,
George,Jean Craighead,,,Animals Who Have Won Our Hearts,✓,0-590-98232-X,Short story collection
George,Jean Craighead,,,Vulpes: the Red Fox,✓,0-14-037623-2,
Gipson,Fred,,,Old Yeller,✓,978-0-439-15963-0,
Goodman,Jack,,,The Fireside Book of Dog Stories,,,Unshelved; Short story collection by different authors
Greenwood,Ed,Falconfar,1,Dark Lord,✓,978-1-84416-584-1,
Grene,David,Greek Tragedies,,Volume 1,✓,0-226-30774-3,
Grene,David,Greek Tragedies,,Volume 2,✓,0-226-30775-1,
Grene,David,Greek Tragedies,,Volume 3,✓,0-226-30777-8,
Grimm,Jacob,,,Grimm's Fairy Tales,✓,978-1-59308-056-3,
Grogan,John,,,Marley & Me,,978-0-06-081708-4,
Grothe,Mardy,,,Oxymoronica,,978-0-06-053699-2,
Haggard,H. Rider,The Works of...,,The Works of Haggard,,,
Haines,T. L.,,,The Royal Path of Life,,,Unshelved
Harlow,Joan Hiatt,,,Thunder from the Sea,✓,1-4169-1214-2,
Hartley,Gregory,,,The Body Language Handbook,✓,978-1-60163-076-6,Author Autographed
Hawthorne,Nathaniel,The Works of...,,The Works of Hawthorne,,,
Hawthorne,Nathaniel,,,The Scarlet Letter,✓,0-553-21009-2,
Haywood,Robin,,,Pooped Puppies: Life's Too Short to Work Like a Dog,,1-56906-575-6,
Heal,Edith,,,Robin Hood,,,Unshelved
Heinlein,Robert A.,,,Stranger in a Strange Land,✓,0-441-79304-8,
Hemingway,Ernest,,,A Farewell to Arms,,,
Hendee,Barb,Dhampir,1,Dhampir,✓,978-0-451-45906-0,
Henry,Marguerite,,,King of the Wind,✓,0-439-58576-7,
Herold,J. Christopher,,,The Age of Napoleon,✓,0-8281-0491-3,
Hesse,Karen,,,The Music of Dolphins,✓,0-590-89798-5,
Hiaasen,Carl,,,Scat,,978-0-375-83486-8,
Hickman,Tracy,The Annals of Drakis,1,Song of the Dragon,✓,978-0-7564-0673-8,
Hobb,Robin,The Soldier Son,1,Shaman's Crossing,✓,978-0-06-075828-8,
Hobb,Robin,The Soldier Son,2,Forest Mage,✓,978-0-06-075829-5,
Hobb,Robin,The Soldier Son,3,Renegade's Magic,✓,978-0-06-075830-1,
Hobbs,Will,,,The Big Wander,✓,0-689-87070-1,
Hodder,Mark,,,The Strange Affair of Spring Heeled Jack,✓,978-1-61614-240-7,
Hoffman,Alice,,,Aquamarine,✓,0-439-09864-5,
Holmes,Oliver W.,,,The Autocrat of the Breakfast Table,,,Unshelved
Homer,,,,The Illiad of Homer,,,Unshelved
Hosseini,Khaled,,,A Thousand Splendid Suns,,978-1-59448-950-1,
Hosseini,Khaled,,,The Kite Runner,✓,1-59448-177-6,
Hugo,Victor,The Works of...,,The Works of Hugo,,,
Hugo,Victor,,,Les Misérables,✓,978-1-59308-066-2,
Hugo,Victor,,,The Hunchback of Notre Dame,,,Unshelved
Hulick,Douglas,The Kin,,Among Thieves,✓,978-0-451-46390-6,
Hunter,Erin,Warriors: Power of Three,1,The Sight,,978-0-06-089204-3,
Huxley,Aldous,,,Brave New World,,,
Ibbotson,Eva,,,The Secret of Platform 13,✓,0-439-26768-4,
Iggulden,Conn,Conqueror,1,Wolf of the Plains,✓,978-0-00-720175-4,
Irving,Washington,,,"The Sketch Book of Geoffrey Crayon, Gent.",,,
Ishii,Takayuki,,,One Thousand Paper Cranes,✓,978-0-440-22843-1,
Jacques,Brian,Redwall,1,Lord Brocktree,✓,0-441-00872-0,
Jacques,Brian,Redwall,2,Martin the Warrior,✓,0-14-240055-6,
Jacques,Brian,Redwall,3,Mossflower,✓,0-14-230238-4,
Jacques,Brian,Redwall,4,The Legend of Luke,✓,0-441-00773-2,
Jacques,Brian,Redwall,5,Outcast of Redwall,✓,0-14-240142-0,Taped
Jacques,Brian,Redwall,6,Mariel of Redwall,✓,0-14-230239-2,
Jacques,Brian,Redwall,7,The Bellmaker,✓,0-441-00315-X,
Jacques,Brian,Redwall,8,Salamandastron,✓,0-14-250152-2,
Jacques,Brian,Redwall,9,Redwall,✓,0-441-00548-9,Taped
Jacques,Brian,Redwall,10,Mattimeo,✓,0-14-230240-6,
Jacques,Brian,Redwall,11,Pearls of Lutra,✓,0-14-240144-7,
Jacques,Brian,Redwall,12,The Long Patrol,✓,0-14-240245-1,
Jacques,Brian,Redwall,13,Marlfox,✓,0-441-00693-0,
Jacques,Brian,Redwall,14,Taggerung,✓,0-14-250154-9,
Jacques,Brian,Redwall,15,Triss,✓,0-14-240248-6,
Jacques,Brian,Redwall,16,Loamhedge,,0-399-23724-0,
Jacques,Brian,Redwall,17,Rakkety Tam,✓,0-441-01318-X,
Jacques,Brian,Redwall,18,High Rhulain,,0-399-24208-2,
Jacques,Brian,Redwall,20,Doomwyte,✓,978-0-441-01778-2,
Jemisin,N. K.,The Inheritance,1,The Hundred Thousand Kingdoms,✓,978-0-316-04392-2,
Johansen,Iris,,,Midnight Warrior,✓,978-0-553-59216-0,
Jordan,Robert, The Wheel of Time: In the Beginning,,New Spring,✓,0-765-34545-5,
Jordan,Robert,The Wheel of Time,1,The Eye of the World,✓,978-0-8125-1181-9,
Jordan,Robert,The Wheel of Time,2,The Great Hunt,✓,978-0-8125-1772-9,
Jordan,Robert,The Wheel of Time,3,The Dragon Reborn,✓,978-0-8125-1371-4,
Jordan,Robert,The Wheel of Time,4,The Shadow Rising,✓,0-812-51373-8,
Jordan,Robert,The Wheel of Time,5,The Fires of Heaven,✓,0-812-55030-7,
Jordan,Robert,The Wheel of Time,6,Lord of Chaos,✓,978-0-8125-1375-2,
Jordan,Robert,The Wheel of Time,7,A Crown of Swords,✓,978-0-8125-5028-3,
Jordan,Robert,The Wheel of Time,8,The Path of Daggers,✓,0-812-55029-3,
Jordan,Robert,The Wheel of Time,9,Winter's Heart,✓,978-0-8125-7558-3,
Jordan,Robert,The Wheel of Time,10,Crossroads of Twilight,✓,978-0-8125-7133-2,
Jordan,Robert,The Wheel of Time,11,Knife of Dreams,✓,0-812-57756-6,
Jordan,Robert,The Wheel of Time,14,A Memory of Light,✓,978-0-7653-6488-3,
Kendrick,Baynard,,,The Flames of Time,,,
Kerner,Elizabeth,Song In the Silence,1,Song In the Silence,✓,978-0-8125-5044-3,
Kerner,Elizabeth,Song In the Silence,2,The Lesser Kindred,✓,978-0-8125-6875-2,
Kerner,Elizabeth,Song In the Silence,3,Redeeming the Lost,✓,0-812-56876-1,
Kerr,Katharine,The Westlands,10,Days of Air and Darkness,✓,0-553-57262-8,
Kiernan,Caitlín R.,,,Beowulf,✓,978-0-06-134128-1,
King,Gabriel,Wild Road,1,The Wild Road,✓,0-345-42303-8,
King,Gabriel,Wild Road,2,The Golden Cat,✓,0-345-42305-4,
Kipling,Rudyard,Kipling: A Selection of His Stories and Poems,,Volume 1,,,Library of Congress Catalog Card No. 56-6647
Kipling,Rudyard,Kipling: A Selection of His Stories and Poems,,Volume 2,,,Library of Congress Catalog Card No. 56-6647
Kirkpatrick,Russell,Fire of Heaven,1,Across the Face of the World,✓,978-0-316-00341-4,
Kirkpatrick,Russell,Fire of Heaven,2,In the Earth Abides the Flame,✓,978-0-316-00342-1,
Kirkpatrick,Russell,Fire of Heaven,3,The Right Hand of God,✓,978-0-316-00343-8,
Knight,E. E.,The Age of Fire,1,Dragon Champion,✓,0-451-46047-2,Taped
Knight,E. E.,The Age of Fire,2,Dragon Avenger,✓,0-451-46109-6,Taped
Knight,E. E.,The Age of Fire,3,Dragon Outcast,✓,978-0-451-46185-8,Taped
Knight,E. E.,The Age of Fire,4,Dragon Strike,✓,978-0-451-46235-0,
Knight,E. E.,The Age of Fire,5,Dragon Rule,✓,978-0-451-46295-4,
Knight,E. E.,The Age of Fire,6,Dragon Fate,✓,978-0-451-46356-2,
Koontz,Dean,,,The Darkest Evening of the Year,✓,978-0-553-58912-2,
Kushner,Ellen,,,Swordspoint,✓,0-553-58549-5,
L'Engle,Madeleine,A Wrinkle in Time,1,A Wrinkle in Time,✓,0-440-49805-8,
L'Engle,Madeleine,A Wrinkle in Time,2,A Swiftly Tiliting Planet,✓,0-440-40158-5,
Lackey,Mercedes,,,Flights of Fantasy,✓,0-88677-863-8,Short story collection by different authors
Lackey,Mercedes,,,Owlflight,,0-88677-754-2,
LaPlante,Richard,,,Tegné,✓,0-812-55270-9,
Larke,Glenda,Stormlord,1,The Last Stormlord,✓,978-0-316-06915-1,
Larke,Glenda,Stormlord,2,Stormlord Rising,✓,978-0-316-06914-4,
Larke,Glenda,Stormlord,3,Stromlord's Exile,✓,978-0-316-06913-7,
Larsen,Nella,,,Quicksand,✓,978-0-486-45140-4,
Lawrence,Mark,The Broken Empire,1,Prince of Thorns,✓,978-1-937007-68-3,
Lawrence,Mark,The Broken Empire,2,King of Thorns,✓,978-0-425-25623-7,2 owned
Lee,Harper,,,To Kill a Mockingbird,✓,978-0-06-112008-4,
Lee,Tanith,Black Unicorn,1,Black Unicorn,✓,978-1-59687-162-5,
Lee,Tanith,Black Unicorn,1,Black Unicorn,,0-689-31575-9,
Lee,Tanith,Black Unicorn,2,Gold Unicorn,✓,0-812-54320-3,
Lee,Tanith,Black Unicorn,2,Gold Unicorn,,0-689-31814-6,
Lee,Tanith,Black Unicorn,3,Red Unicorn,✓,0-765-34568-4,
Lee,Tanith,Black Unicorn,3,Red Unicorn,,0-312-86265-2,
Lee,Tanith,,,Heart-Beast,✓,0-440-21455-6,
Legge,James,,,Chinese Classics,,,Unshelved; Translations of Confucius and Mencius
LeGuin,Ursula K.,Gifts,1,Gifts,✓,0-15-205124-4,
LeGuin,Ursula K.,Gifts,2,Voices,✓,978-0-15-206242-2,
Lehr,Helene,,,Star of the North,,0-312-03939-5,
LeValliant,Ted,,,What's the Verdict?,✓,0-8069-7466-4,
Levin,Nora,,,The Holocaust,,,Library of Congress Catalog Card No. 67-23676
Levine,Gail Carson,,,Ella Enchanted,✓,0-06-440705-5,
Levine,Gail Carson,,,The Two Princesses of Bamarre,✓,0-439-39883-5,
Lewis,C. S.,The Chronicles of Narnia,1,The Magician's Nephew,✓,0-590-25475-8,
Lewis,C. S.,The Chronicles of Narnia,2,"The Lion, the Witch and the Wardrobe",✓,0-590-25476-6,
Lewis,C. S.,The Chronicles of Narnia,3,The Horse and His Boy,✓,0-590-25477-4,
Lewis,C. S.,The Chronicles of Narnia,4,Prince Caspian,✓,0-590-25478-2,
Lewis,C. S.,The Chronicles of Narnia,5,The Voyage of the Dawn Treader,✓,0-590-25479-0,
Lewis,C. S.,The Chronicles of Narnia,6,The Silver Chair,✓,978-0-590-25480-9,
Lewis,C. S.,The Chronicles of Narnia,7,The Last Battle,✓,0-590-25481-2,
Lindskold,Jane,Through Wolf's Eyes,1,Through Wolf's Eyes,✓,978-0-8125-7548-4,
Lindskold,Jane,Through Wolf's Eyes,2,"Wolf's Head, Wolf's Heart",✓,0-812-57549-0,Taped
Lindskold,Jane,Through Wolf's Eyes,3,The Dragon of Despair,✓,0-765-34158-1,
Lindskold,Jane,Through Wolf's Eyes,4,Wolf Captured,✓,978-0-7653-4823-4,
Lindskold,Jane,Through Wolf's Eyes,5,Wolf Hunting,✓,978-0-765-35143-2,
Lindskold,Jane,Through Wolf's Eyes,6,Wolf's Blood,✓,978-0-7653-5374-0,
Lint,Charles de,,,The Onion Girl,✓,0-765-30381-7,
Lint,Charles de,,,Wolf Moon,✓,0-14-240077-7,
London,Jack,,,The Call of the Wild,,,Unshelved
London,Jack,,,The Sea-Wolf,,,Unshelved
London,Jack,,,White Fang,✓,0-439-23619-3,
Longstreet,Stephen,,,Stallion Road,,,
Loughney,Martin,,,Springs of Irish Wit,,,Collection of quotes by different people
Lowell,James Russell,,,The Poetical Works of James Russell Lowell,,,Unshelved; Leatherbound
Lu,Marie,Legend,1,Legend,,978-0-399-25675-2,
Lu,Marie,Legend,2,Prodigy,,978-0-399-25676-9,
Lu,Marie,Legend,3,Champion,,978-0-399-25677-6,
Lustbader,Eirc Van,The Pearl,1,The Ring of Five Dragons,,0-312-87235-6,
Lynch,Scott,The Lies of Locke Lamora,1,The Lies of Locke Lamora,✓,978-0-553-58894-1,
Lynch,Scott,The Lies of Locke Lamora,2,Red Seas Under Red Skies,✓,978-0-553-58895-8,
Lytton,Lord,,,The Last Days of Pompeii,,,Unshelved
Macfarlan,Allan A.,,,American Indian Legends,,,Unshelved
Maja,,,,The Magic of Maija,,,
Malan,Violette,Dhylun and Parno,1,The Sleeping God,✓,978-0-7564-0484-0,
Malan,Violette,Dhylun and Parno,2,The Soldier King,✓,978-0-7564-0516-8,
Malan,Violette,Dhylun and Parno,3,The Storm Witch,✓,978-0-7564-0574-8,
Malan,Violette,,,The Mirror Prince,✓,978-0-7564-0423-9,
Mantzaris,Anna,,,1001 Things You Didn't Know You Wanted to Know,,978-1-4351-1027-4,
Marco,John,The Eyes of God,1,The Eyes of God,✓,0-7564-0096-1,
Marco,John,The Eyes of God,2,The Devil's Armor,✓,0-7564-0203-4,
Martin,Gail Z.,The Winter Kingdoms: 1 Chronicles of the Necromancer,1,The Summoner,✓,978-1-84416-468-4,
Martin,Gail Z.,The Winter Kingdoms: 1 Chronicles of the Necromancer,2,The Blood King,✓,978-1-84416-531-5,
Martin,Gail Z.,The Winter Kingdoms: 1 Chronicles of the Necromancer,3,Dark Haven,✓,978-1-84416-598-8,
Martin,Gail Z.,The Winter Kingdoms: 1 Chronicles of the Necromancer,4,Dark Lady's Chosen,✓,978-1-84416-831-6,
Martin,Gail Z.,The Winter Kingdoms: 2 The Fallen Kings Cycle,1,The Sworn,✓,978-0-316-09357-6,
Martin,Gail Z.,The Winter Kingdoms: 2 The Fallen Kings Cycle,2,The Dread,✓,978-0-316-09361-3,
Martin,George R. R.,A Song of Ice and Fire,1,A Game of Thrones,✓,978-0-553-57340-4,
Martin,George R. R.,A Song of Ice and Fire,2,A Clash of Kings,✓,978-0-553-57990-1,
Martin,George R. R.,A Song of Ice and Fire,3,A Storm of Swords,✓,978-0-553-57342-8,
Martin,George R. R.,A Song of Ice and Fire,4,A Feast for Crows,✓,978-0-553-58202-4,
Martin,George R. R.,A Song of Ice and Fire,5,A Dance with Dragons,✓,978-0-00-648611-4,
Marzollo,Jean,,,I Spy Little Book,,0-590-34129--4,
Maxey,James,The Dragon Age,2,Dragonforge,✓,978-1-84416-581-0,
McCaffrey,Anne,Brainship,1,The Ship Who Sang,✓,0-345-27551-9,
McCaffrey,Anne,Crystal,2,Nimisha's Ship,✓,0-345-43425-0,
McCaffrey,Anne,Crystal: Crystal Singer,1,Crystal Singer,✓,0-345-32786-1,
McCaffrey,Anne,Crystal: Crystal Singer,2,Killashandra,✓,0-345-31600-2,
McCaffrey,Anne,Crystal: Crystal Singer,3,Crystal Line,✓,0-345-38491-1,
McCaffrey,Anne,Doona,1,Decision at Doona,✓,0-345-27864-X,
McCaffrey,Anne,Pern: 1 The Dragonriders of Pern,2,Dragonquest,✓,0-345-28425-9,
McCaffrey,Anne,Pern: 1 The Dragonriders of Pern,3,The White Dragon,✓,0-345-29525-0,
McCaffrey,Anne,Pern: 1 The Dragonriders of Pern,1 - 3,The Dragonriders of Pern,,,
McCaffrey,Anne,Pern: 2 Harper Hall,1,Dragonsong,✓,0-553-22557-X,
McCaffrey,Anne,Pern: 3,1,Moreta: Dragonlady of Pern,✓,0-345-29873-X,
McCaffrey,Anne,Pern: 3,4,The Renegades of Pern,✓,0-345-36933-5,
McCaffrey,Anne,Pern: 3,11,The Girl Who Heard Dragons,✓,0-812-51099-2,
McCaffrey,Anne,The Talent,1,To Ride Pegasus,✓,0-345-27357-5,
McCaffrey,Anne,The Talent,3,Pegasus in Space,✓,0-345-43467-6,
McCaffrey,Anne,,,Restoree,✓,0-345-27674-4,
McClintock,William D.,,,Song and Legend from the Middle Ages,,,Unshelved
McCullough,David,,,1776,,0-7432-2671-2,
McGreevy,Paul,The Little Guides,,Dogs,✓,1-875137-63-7,
McIntosh,Fiona,The Quickening,1,Myrren's Gift,✓,978-0-06-074757-2,
McIntosh,Fiona,The Quickening,2,Blood and Memory,✓,978-0-06-074759-6,
McIntosh,Fiona,The Quickening,3,Bridge of Souls,✓,978-0-06-074761-9,
Melville,Herman,,,Moby-Dick,,1-56619-263-3,
Mencken,H. L.,,,A Book of Burlesques,,,Unshelved
Messud,Claire,,,The Emperor's Children,✓,978-0-307-27666-7,
Miller,Karen,Godspeaker,1,Empress,✓,978-0-316-00835-8,
Miller,Karen,Godspeaker,2,The Riven Kingdom,✓,978-0-316-00836-5,
Miller,Karen,Godspeaker,3,Hammer of God,✓,978-0-316-00837-2,
Miller,Karen,The Mage: 1,,A Blight of Mages,✓,978-0-316-19834-9,
Miller,Karen,"The Mage: 2 Kingmaker, Kingbreaker",1,The Innocent Mage,✓,978-0-316-06780-5,
Miller,Karen,"The Mage: 2 Kingmaker, Kingbreaker",2,The Awakened Mage,✓,978-0-316-06781-2,
Miller,Karen,The Mage: 3 Fisherman's Children,1,The Prodigal Mage,✓,978-0-316-07640-1,
Miller,Karen,The Mage: 3 Fisherman's Children,2,The Reluctant Mage,✓,978-0-316-13338-8,
Milton,Joyce,,,Big Cats,✓,0-448-40564-4,
Minnton,Janyce,,,Legends of King Arthur,,,Library of Congress Catalog Card No. 65-17628
"Modesitt, Jr.",L. E.,Corean Chronicles,8,Lady-Protector,✓,978-0-7653-6639-9,
Montgomery,L. M.,,,Anne of Green Gables,✓,0-694-01251-3,
Moredun,P. R.,The World of Eldaterra,1,The Dragon Conspiracy,,978-0-06-076664-1,
Morpurgo,Michael,,,Animal Stories,✓,0-7534-5191-3,Short story collection by different authors
Mortenson,Greg,,,Three Cups of Tea,✓,978-0-14-303825-2,
Mostyn-Brown,Megan,,,Girl.,✓,978-0-573-65104-5,
Mull ,Brandon,Fablehaven,1,Fablehaven,✓,978-1-4169-4720-2,
Murdock,Catherine Gilbert,,,Princess Ben,,978-0-618-95971-6,
Nahm,Milton C.,,,Selections from Early Greek Philosophy,✓,,Library of Congress Catalog Card No. 65-10463
Napoli,Donna Jo,,,North,✓,978-0-06-057989-0,
Napoli,Donna Jo,,,Sirena,✓,0-590-38389-2,
Naylor,Phyllis Reynolds,A Club of Mysteries,3,Carlotta's Kittens,✓,0-689-83459-4,
Neumeier,Rachel,The Griffin Mage,1 - 3,The Griffin Mage Trilogy,✓,978-0-316-19354-2,
North,Sterling,,,Rascal,✓,0-439-58574-0,
North,Sterling,,,The Wolfling,✓,0-14-036166-9,
Northcutt,Wendy,The Darwin Awards,2,Unnatural Selection,,0-525-94623-3,
Northcutt,Wendy,The Darwin Awards,3,Survival of the Fittest,✓,0-452-28572-0,
Novik,Naomi,Temeraire,1,His Magesty's Dragon,✓,978-0-345-48128-3,
Novik,Naomi,Temeraire,2,Throne of Jade,✓,978-0-345-48129-0,
Novik,Naomi,Temeraire,3,Black Powder War,✓,0-345-48130-5,
Novik,Naomi,Temeraire,4,Empire of Ivory,✓,978-0-345-49687-4,
Novik,Naomi,Temeraire,5,Victory of Eagles,✓,978-0-345-51225-3,
Novik,Naomi,Temeraire,6,Tongues of Serpents,✓,978-0-345-49690-4,
Novik,Naomi,Temeraire,7,Crucible of Gold,✓,978-0-345-52287-0,
O'Brien,Jack,,,Silver Chief to the Rescue,,,Unshelved
O'Brien,Robert C.,,,The Silver Crown,✓,0-689-84111-6,
O'Dell,Scott,,,Island of the Blue Dolphins,✓,0-440-94000-1,Taped
O'Mara,Lesley,,,Best Cat Stories,,0-517-07391-9,Short story collection by different authors
Orwell,George,,,Animal Farm,✓,0-451-52466-7,
Osgood,Charles G.,,,Eleven British Writers: Beowulf to Arnold,,,Unshelved
Paine,Thomas,,,Rights of Man,,,Unshelved
Palma,Félix J.,,,The Map of Time,,978-1-4391-6739-7,
Paolini,Christopher,Inheritance Cycle,1,Eragon,,0-375-82668-8,Taped outer cover
Paolini,Christopher,Inheritance Cycle,2,Eldest,,0-375-82670-X,Taped outer cover
Paolini,Christopher,Inheritance Cycle,3,Brisinger,,978-0-375-82672-6,
Paolini,Christopher,Inheritance Cycle,4,Inheritance,,978-0-375-85611-2,
Park,Linda Sue,,,A Single Shard,✓,0-440-41851-8,
Paterson,Katherine,,,Bridge to Terabithia,✓,0-06-440184-7,
Paulsen,Gary,,,Hatchet,✓,978-1-4169-3647-3,
Paulsen,Gary,,,Winterdance,✓,0-15-600145-4,
Pendleton,Louis,,,King Tom and the Runaways,,,Unshelved
Penner,Lucille Recht,,,Sitting Bull,✓,0-448-40937-2,
Perry,Anne,,,Tathea,✓,0-441-00970-0,
Petty,Jo,,,Apples of Gold,,,
Petty,Jo,,,Treasures of Silver,,0-8378-1768-4,
Petty,Jo,,,Wings of Silver,,,Library of Congress Catalog Card No. 67-21924
Pfloog,Jan,,,The Fox Book,✓,0-307-58143-8,
Pierce,Tamora,The Circle: 1 The Circle of Magic,1,Sandry's Book,✓,0-590-55408-5,
Pierce,Tamora,The Circle: 1 The Circle of Magic,2,Tris's Book,✓,0-590-55409-3,
Pierce,Tamora,The Circle: 1 The Circle of Magic,3,Daja's Book,✓,0-590-55410-7,
Pierce,Tamora,The Circle: 1 The Circle of Magic,4,Brair's Book,✓,0-590-55411-5,
Pierce,Tamora,The Circle: 2 The Circle Opens,1,Magic Steps,✓,0-590-39605-6,
Pierce,Tamora,The Circle: 2 The Circle Opens,2,Street Mage,✓,0-590-39643-9,
Pierce,Tamora,The Circle: 2 The Circle Opens,3,Cold Fire,✓,0-590-39656-0,
Pierce,Tamora,The Circle: 2 The Circle Opens,4,Shatterglass,✓,0-590-39696-X,
Pierce,Tamora,The Circle: 3,1,The Will of the Empress,✓,0-439-44172-2,
Pierce,Tamora,The Circle: 3,2,Melting Stones,✓,978-0-545-05265-8,
Pierce,Tamora,Tortall: 1 Beka Cooper,1,Terrier,,978-0-375-81468-6,
Pierce,Tamora,Tortall: 2 Song of the Lioness,1,Alanna,✓,0-689-87855-9,
Pierce,Tamora,Tortall: 2 Song of the Lioness,2,In the Hands of the Goddess,✓,0-689-87858-7,
Pierce,Tamora,Tortall: 2 Song of the Lioness,3,The Woman Who Rides Like a Man,✓,0-689-87858-3,
Pierce,Tamora,Tortall: 2 Song of the Lioness,4,Lioness Rampant,✓,0-689-87857-5,
Pierce,Tamora,Tortall: 3 The Immortals,1,Wild Magic,✓,1-4169-0343-7,
Pierce,Tamora,Tortall: 3 The Immortals,2,Wolf-Speaker,✓,1-4169-0344-5,
Pierce,Tamora,Tortall: 3 The Immortals,3,Emperor Mage,✓,1-4169-0337-2,
Pierce,Tamora,Tortall: 3 The Immortals,4,The Realms of the Gods,✓,978-1-4169-0817-3,
Pierce,Tamora,Tortall: 4 Protector of the Small,1,First Test,✓,978-0-679-88917-5,
Pierce,Tamora,Tortall: 4 Protector of the Small,2,Page,✓,978-0-679-88918-2,
Pierce,Tamora,Tortall: 4 Protector of the Small,3,Squire,✓,978-0-679-88919-9,
Pierce,Tamora,Tortall: 4 Protector of the Small,4,Lady Knight,✓,978-0-375-81471-6,
Pierce,Tamora,Tortall: 5 Trickster,1,Trickster's Choice,✓,978-0-375-81472-3,
Pierce,Tamora,Tortall: 5 Trickster,2,Trickster's Queen,✓,978-0-375-81473-0,
Pierce,Tamora,,,Young Warriors,✓,0-375-82963-6,Short story collection by different authors
Pine,Red,,,The Collected Songs of Cold Mountain,,0-914742-73-6,
Plutarch,,,,Lives of the Noble Romans,,,
Poe,Edgar Allan,The Works of...,,The Works of Poe,,,
Poe,Edgar Allan,,,Complete Tales and Poems,,978-1-4351-4458-3,
Poe,Edgar Allan,,,Tales of Edgar Allan Poe,,,
Pratt,Mara L.,,,Stories of China,,,Unshelved
Pullman,Philip,His Dark Materials,1,The Golden Compass,✓,978-0-440-23813-3,
Pullman,Philip,His Dark Materials,2,The Subtle Knife,✓,978-0-440-23814-0,
Pullman,Philip,His Dark Materials,3,The Amber Spyglass,✓,978-0-440-23815-7,
Quinn,Daniel,Ishmael,1,Ishmael: An Adventure of the Mind and Spirit,✓,978-0-553-37540-4,
Ranum,Orest,,,The Century of Louis XIV,✓,0-06-139350-9,
Rasmussen,Rebecca,,,The Bird Sisters,,978-0-307-71796-2,
Rawlings,Marjorie Kinnan,,,The Yearling,✓,0-02-044931-3,
Rawn,Melanie,Exiles,1,The Ruins of Ambrai,✓,978-0-88677-668-8,
Rawn,Melanie,Exiles,2,The Mageborn Traitor,,0-88677-730-5,
Rawn,Melanie,The Desert: 1 Dragon Prince,1,Dragon Prince,✓,978-0-88677-450-9,
Rawn,Melanie,The Desert: 1 Dragon Prince,2,The Star Scroll,✓,0-88677-349-0,
Rawn,Melanie,The Desert: 1 Dragon Prince,3,Sun-Runner's Fire,✓,0-88677-403-9,
Rawn,Melanie,The Desert: 2 Dragon Star,1,Stronghold,✓,978-0-88677-482-0,
Rawn,Melanie,The Desert: 2 Dragon Star,2,The Dragon Token,✓,978-0-88677-542-1,
Rawn,Melanie,The Desert: 2 Dragon Star,3,Skybowl,✓,978-0-88677-595-7,
Ray,Blaine,,,Pauvre Anne,✓,0-929724-54-2,
Rees,Celia,Witch Child,1,Witch Child,✓,978-0-7636-4228-0,
Rees,Celia,Witch Child,2,Sorceress,,0-7636-1847-0,
Rice,Anne,,,The Vampire Armand,✓,0-345-40927-2,
Richards,Susan,,,Chosen by a Horse,✓,978-0-15-603117-2,
Rinaldi,Ann,,,A Ride Into Morning,✓,0-15-200673-7,
Riordan,Rick,Kane,1,The Red Pyramid,,978-1-4231-1338-6,
Riordan,Rick,Kane,2,The Throne of Fire,,978-1-4231-4056-6,
Riordan,Rick,Kane,3,The Serpent's Shadow,,978-1-4231-4057-3,
Riordan,Rick,Olympus: 1 Percy Jackson and the Olympians,1,The Lightning Thief,✓,978-0-7868-3865-3,
Riordan,Rick,Olympus: 1 Percy Jackson and the Olympians,2,The Sea of Monsters,✓,978-0-545-00340-7,
Riordan,Rick,Olympus: 1 Percy Jackson and the Olympians,3,The Titan's Curse,✓,978-0-545-05704-2,
Riordan,Rick,Olympus: 1 Percy Jackson and the Olympians,4,The Battle of the Labyrinth,,978-1-4231-0146-8,
Riordan,Rick,Olympus: 1 Percy Jackson and the Olympians,5,The Last Olympian,,978-1-4231-0147-5,
Riordan,Rick,Olympus: 2 The Heroes of Olympus,1,The Lost Hero,,978-1-4231-1339-3,
Riordan,Rick,Olympus: 2 The Heroes of Olympus,2,The Son of Neptune,,978-1-4231-4059-7,
Riordan,Rick,Olympus: 2 The Heroes of Olympus,3,The Mark of Athena,,978-1-4231-4060-3,
Riordan,Rick,Olympus: 2 The Heroes of Olympus,4,The House of Hades,,978-1-4231-4672-8,
Rivoli,Pietra,,,The Travels of a T-Shirt in the Global Economy,✓,978-0-470-28726-3,
Roberts,Ann Victoria,,,Louisa Elliott,,0-8092-4290-7,
Robinson,Victor,,,The Story of Medicine,,,Unshelved
Rogers,Will,,,Sanity Is Where You Find It,,,
Roth,Veronica,Divergent,1,Divergent,,978-0-06-202402-2,
Roth,Veronica,Divergent,2,Insurgent,,978-0-06-202404-6,
Roth,Veronica,Divergent,3,Allegiant,,978-0-06-202406-0,
Rothfuss,Patrick,The Kingkiller Chronicle,1,The Name of the Wind,✓,978-0-7564-0474-1,
Rothfuss,Patrick,The Kingkiller Chronicle,2,The Wise Man's Fear,✓,978-0-7564-0712-4,
Rowling,J. K.,Harry Potter,1,Harry Potter and the Sorcerer's Stone,✓,978-0-590-35342-7,
Rowling,J. K.,Harry Potter,2,Harry Potter and the Chamber of Secrets,✓,978-0-439-06487-3,
Rowling,J. K.,Harry Potter,3,Harry Potter and the Prisoner of Azkaban,✓,978-0-439-13636-5,
Rowling,J. K.,Harry Potter,4,Harry Potter and the Goblet of Fire,✓,978-0-439-13960-1,
Rowling,J. K.,Harry Potter,5,Harry Potter and the Order of the Phoenix,✓,978-0-439-35807-1,
Rowling,J. K.,Harry Potter,6,Harry Potter and the Half-Blood Prince,✓,978-0-439-78596-9,
Rowling,J. K.,Harry Potter,7,Harry Potter and the Deathly Hallows,✓,978-0-545-13970-0,
Ruckley,Brian,The Godless World,1,Winterbirth,✓,978-0-316-06806-2,
Ruckley,Brian,The Godless World,2,Bloodheir,✓,978-0-316-06807-9,
Ryan,Pam Muñoz,,,Esperanza Rising,✓,0-439-12042-X,
Sage,Angie,Septimus Heap,1,Magyk,,0-06-057731-2,
Sage,Angie,Septimus Heap,2,Flyte,,978-0-06-057734-6,
Sage,Angie,Septimus Heap,3,Physik,✓,978-0-06-057739-1,
Sage,Angie,Septimus Heap,4,Queste,✓,978-0-06-088209-9,
Salinger,J. D.,,,The Catcher in the Rye,✓,0-316-76917-7,
Sams,Jamie,,,Medicine Cards,,0-939680-53-X,
Sams,Jamie,,,Sacred Path Cards,,0-06-250762-1,
Sanderson,Brandon,Alcatraz,1,Alcatraz versus the Evil Librarians,✓,978-0-439-92552-5,
Sanderson,Brandon,Alcatraz,2,Alcatraz versus the Scrivener's Bones,✓,978-0-439-92554-9,
Sanderson,Brandon,Elantris,1,Elantris,✓,978-0-7653-5037-4,Author Autographed
Sanderson,Brandon,Elantris,2,The Emperor's Soul,✓,978-1-61696-092-6,Author Autographed
Sanderson,Brandon,Legion,1,Legion,,978-1-59606-485-0,"Author Autographed, Numbered 284/1000"
Sanderson,Brandon,Mistborn,1,Mistborn,✓,978-0-7653-5038-1,Author Autographed
Sanderson,Brandon,Mistborn,2,The Well of Ascension,✓,978-0-7653-5613-0,Author Autographed
Sanderson,Brandon,Mistborn,3,The Hero of Ages,✓,978-0-7653-5614-7,Author Autographed
Sanderson,Brandon,Mistborn,4,The Alloy of Law,,978-0-7653-3042-0,Author Autographed
Sanderson,Brandon,The Reckoners,1,Steelheart,,978-0-385-74356-3,
Sanderson,Brandon,The Stormlight Archive,1,The Way of Kings,,978-0-7653-2635-5,Author Autographed
Sanderson,Brandon,The Stormlight Archive,2,Words of Radiance,,978-0-7653-2636-2,
Sanderson,Brandon,,,The Rithmatist,,978-0-7653-2032-2,Author Autographed
Sanderson,Brandon,,,Warbreaker,,978-0-7653-2030-8,Author Autographed
Sapkowski,Andrzej,,,The Last Wish,✓,978-0-316-02918-6,
Severy,Merle,,,The Age of Chivalry,,,Unshelved; Library of Congress Catalog Card No. 79-79765
Sewell,Anna,,,Black Beauty,✓,0-694-01243-2,
Shakespeare,William,King Henry IV.,1,Part I.,,,Unshelved
Shakespeare,William,King Henry IV.,2,Part II.,,,Unshelved
Shakespeare,William,,,Julius Caesar,,,Unshelved
Shakespeare,William,,,Macbeth,,,Unshelved
Shakespeare,William,,,The Sonnets of William Shakespeare,,,Unshelved
Shakespeare,William,,,William Shakespeare the Complete Works,,0-14-071450-2,
Shayne,Maggie,,,Angel's Pain,✓,978-0-7783-2498-0,
Shayne,Maggie,,,Demon's Kiss,✓,978-0-7783-2497-3,
Sheldon,Ann,Linda Craig,1,The Palomino Mystery,✓,0-671-42650-8,
Sideman,Belle Becker,,,The World's Best Fairy Tales,,,Library of Congress Catalog Card No. 67-27762
Simner,Janni Lee,Phantom Rider,2,The Haunted Trail,✓,0-590-67314-9,
Smith,C. Lavett,,,A Field Guide to Tropical Marine Fishes,,0-679-44601-X,Water Damage - Mold?
Smith,Sherwood,Inda,1,Inda,,0-7564-0264-6,
Smith,Sherwood,Inda,1,Inda,✓,978-0-7564-0422-2,
Smith,Sherwood,Inda,2,The Fox,✓,978-0-7564-0483-3,
Smith,Sherwood,Inda,3,King's Shield,,978-0-7564-0500-7,
Smith,Sherwood,Inda,4,Treason's Shore,✓,978-0-7564-0634-9,
Snicket,Lemony,A Series of Unfortunate Events,1,The Bad Beginning,,0-06-051828-6,"""Rare"" Edition"
Snicket,Lemony,A Series of Unfortunate Events,2,The Reptile Room,,0-06-440767-5,
Snicket,Lemony,A Series of Unfortunate Events,3,The Wide Window,,0-06-440768-3,
Snicket,Lemony,A Series of Unfortunate Events,5,The Austere Academy,,0-06-440863-9,
Snicket,Lemony,A Series of Unfortunate Events,6,The Ersatz Elevator,,0-06-440864-7,
Snicket,Lemony,A Series of Unfortunate Events,8,The Hostile Hospital,,978-0-06-440866-0,
Snicket,Lemony,A Series of Unfortunate Events,11,The Grim Grotto,,0-06-441014-5,
Snicket,Lemony,A Series of Unfortunate Events,12,The Penultimate Peril,,978-0-06-441015-1,
Snicket,Lemony,A Series of Unfortunate Events,13,The End,,978-0-06-441016-8,
Soddard,Charles Augustus,,,Across Russia,,,Unshelved
Sommer,Robin Langley,,,The Little Book of Cats,,0-7607-0080-X,Poems by different authors
Soustelle,Jacques,,,Daily Life of the Aztecs,✓,0-8047-0721-9,
Sprunk,Jon,Shadow Saga,1,Shadow's Son,✓,978-1-61614-201-8,
Sprunk,Jon,Shadow Saga,2,Shadow's Lure,✓,978-1-61614-371-8,
Sprunk,Jon,Shadow Saga,3,Shadow's Master,✓,978-1-61614-605-4,
Stacey,Larraine,,,Lalia & Tokar and the Chaos Scroll,✓,1-894841-63-8,Author Autographed
Starr,Chester G.,,,The Ancient Greeks,✓,0-19-501248-8,
Steindorff,George,,,When Egypt Ruled the East,✓,,Library of Congress Catalog Card No. 57-5276
Stevenson,Robert Louis,The Works of...,,The Works of Stevenson,,,
Stevenson,Robert Louis,,,Kidnapped,✓,0-812-50473-9,
Stevenson,Robert Louis,,,Treasure Island,,0-06-029735-2,
Stoker,Bram,,,Dracula,✓,978-1-59308-004-4,
Stone,Jeff,The Five Ancestors,1,Tiger,,0-375-83071-5,
Stone,Jeff,The Five Ancestors,7,Dragon,,978-0-375-83079-2,
Straub,Peter,,,Floating Dragon,✓,0-425-06285-6,
Stroud,Jonathan,Bartimaeus,1,The Ring of Solomon,,978-1-4231-2372-9,
Stroud,Jonathan,Bartimaeus,2,The Amulet of Samarkand,✓,0-7868-5625-4,
Stroud,Jonathan,Bartimaeus,3,The Golem's Eye,,0-7868-1860-3,
Stroud,Jonathan,Bartimaeus,4,Ptolemy's Gate,,0-7868-1861-1,
Sullivan,Michael J.,The Riyria Revelations,1,Theft of Swords,✓,978-0-316-18774-9,
Sullivan,Michael J.,The Riyria Revelations,2,Rise of Empire,✓,978-0-316-18770-1,
Sullivan,Michael J.,The Riyria Revelations,3,Heir of Novron,✓,978-0-316-18771-8,
Talese,Gay,,,Honor Thy Father,✓,,Library of Congress Catalog Card No. 70-167287
Tarr,Judith,,,The Hound and the Falcon,,,
Taylor,K. J.,Cymria: 1 The Fallen Moon,1,The Dark Griffin,✓,978-0-441-01978-6,
Taylor,K. J.,Cymria: 1 The Fallen Moon,2,The Griffin's Flight,✓,978-0-441-01997-7,
Taylor,K. J.,Cymria: 1 The Fallen Moon,3,The Griffin's War,✓,978-0-441-02010-2,
Taylor,K. J.,Cymria: 2 The Risen Sun,1,The Shadow's Heir,✓,978-0-425-25823-1,
Taylor,Mildred D.,,,"Roll of Thunder, Hear My Cry",✓,0-590-98207-9,
Thackeray,William Makepeace,,,Vanity Fair,,,
Thompson,Ames,The Jewel Series,5,The Adventure Boys and the Island of Sapphires,,,Unshelved
Thompson,Thomas,,,Serpentine,✓,0-7867-0749-6,
Tiffany,O. H.,,,Gems for the Fireside,,,Unshelved
Tolkien,J. R. R.,The Lord of the Rings: 1,1,The Hobbit,,0-395-87346-0,
Tolkien,J. R. R.,The Lord of the Rings: 2,1 - 3,The Lord of the Rings,✓,978-0-618-64015-7,
Tolkien,J. R. R.,,,The Silmarillon,✓,0-618-12698-8,
Tolstoi,Leo,The Works of...,,The Works of Tolstoi,,,
Tolstoy,Leo,,,War and Peace,,,Unshelved
Tourgée,Albion Winegar,,,A Fools Errand and The Invisible Empire,,,Unshelved
Twain,Mark,,,Adventures of Huckleberry Finn,✓,978-1-59308-000-6,
Twain,Mark,,,Complete Short Stories,,,
Twain,Mark,,,The Adventures of Tom Sawyer,,0-89577-217-5,
Twain,Mark,,,The Innocents Abroad,,0-89577-339-2,
Tzu,Sun,,,The Art of War,✓,978-1-59308-016-7,
Vaughn,Carrie,Kitty Norville,1,Kitty and the Midnight Hour,✓,0-446-61641-9,
Vaughn,Carrie,Kitty Norville,2,Kitty Goes to Washington,✓,0-446-61642-7,
Vaughn,Carrie,Kitty Norville,5,Kitty and the Dead Man's Hand,✓,978-0-446-19953-7,
Vaughn,Carrie,Kitty Norville,6,Kitty Raises Hell,✓,978-0-446-19954-4,
Velde,Vivian Vande,,,Dragon's Bait,✓,0-15-216663-7,
Vera,Yvonne,,,Without a Name & Under the Tongue,✓,978-0-374-52816-4,
Verne,Jules,,,Twenty Thousand Leagues Under the Sea,,0-88101-085-5,Unshelved
Voigt,Cynthia,,,A Solitary Blue,✓,0-590-47157-0,
Voltaire,,,,Candide and Other Tales,,,
Waldo,Anna Lee,,,Sacajawea,✓,0-380-75606-4,
Waley,Arthur,,,Translations from the Chinese,,,"Unshelved; 2 owned - one copy in Steamboat, another home."
Walker,Abbie Phillips,,,Sandman Twilight Stories,,,Unshelved
Wall,Steve,,,Widsom's Daughters,,0-06-016892-7,
Wallace,Bill,,,Coyote Autumn,✓,0-7434-2836-6,
Walley,Dean,,,... And Spring Shall Come,,0-87529-138-4,
Watt-Evans,Lawrence,The Annals of the Chosen,1,The Wizard Lord,✓,978-0-765-34901-9,
Weeks,Brent,Lightbringer,1,The Black Prism,✓,978-0-316-06813-0,Author Autographed
Weeks,Brent,Lightbringer,2,The Blinding Knife,,978-0-316-07991-4,Author Autographed
Weeks,Brent,The Night Angel,1,The Way of Shadows,✓,978-0-316-03367-1,Author Autographed
Weeks,Brent,The Night Angel,2,Shadow's Edge,✓,978-0-316-03365-7,Author Autographed
Weeks,Brent,The Night Angel,3,Beyond the Shadows,✓,978-0-316-03366-4,Author Autographed
Werfel,Franz,,,The Song of Bernadette,,,
Westerfeld,Scott,Uglies,1,Uglies,✓,978-0-689-86538-1,
Westerfeld,Scott,Uglies,2,Pretties,✓,978-0-689-86539-8,
Westerfeld,Scott,Uglies,3,Specials,✓,978-1-4169-4795-0,
White,E. B.,,,Essays of E. B. White,,0-06-014576-5,
Whyte,Jack,,,The Singing Sword,✓,0-812-55139-7,
Wilde,Oscar,The Works of...,,The Works of Wilde,,,
Wilde,Oscar,,,Complete Fairy Tales of Oscar Wilde,✓,0-451-52435-7,
Williams,Beryl,,,The Great Houdini,✓,,
Williams,Liz,,,WorldSoul,✓,978-1-60701-295-5,
Williams,Tad,Memory of Sorrow and Thorn,1,The Dragonbone Chair,,,
Williams,Tad,Memory of Sorrow and Thorn,2,Stone of Farewell,,,
Williams,Tad,Memory of Sorrow and Thorn,3,To Green Angel Tower,,0-88677-521-3,
Willis,Connie,,,To Say Nothing of the Dog,✓,0-553-57538-4,
Wrede,Patricia C.,Enchanted Forest Chronicles,1,Dealing with Dragons,✓,0-15-204566-X,
Wrede,Patricia C.,Enchanted Forest Chronicles,2,Searching for Dragons,✓,0-15-204565-1,
Wrede,Patricia C.,Enchanted Forest Chronicles,3,Calling on Dragons,✓,0-15-204692-5,
Wrede,Patricia C.,Enchanted Forest Chronicles,4,Talking to Dragons,✓,0-15-204691-7,
Wroblewski,David,,,The Story of Edgar Sawtelle,,978-0-06-176806-4,
Yep,Laurence,,,Dragon's Gate,✓,0-590-20335-X,
Yolen,Jane,Pit Dragon: 1,1,Dragon's Blood,✓,0-15-205126-0,
Yolen,Jane,Pit Dragon: 1,2,Heart's Blood,✓,0-15-205118-X,
Yolen,Jane,Pit Dragon: 1,3,A Sending of Dragons,✓,0-15-205128-7,
Yolen,Jane,Pit Dragon: 1,1 - 3,The Pit Dragon Trilogy,,978-1-56865-900-8,
Yolen,Jane,Pit Dragon: 2,4,Dragon's Heart,,978-0-15-205919-4,
Yolen,Jane,,,Sword of the Rightful King,,0-15-202527-8,
Zuzak,Markus,,,The Book Thief,✓,978-0-375-84220-7,