"Author, Last","Author, First",Series,Series #,Title,Pbk?,ISBN / LCCC#,Comments
Abé,Shana,,,Dream Thief,✓,978-0-553-58805-7,
Abé,Shana,,,Smoke Thief,✓,0-553-58804-4,
Abercrombie,Joe,First Law,1,Blade Itself,✓,978-1-59102-594-8,
Abercrombie,Joe,First Law,2,Before They are Hanged,✓,978-1-59102-641-9,
Abercrombie,Joe,First Law,3,Last Argument of Kings,✓,978-1-59102-690-7,
Adams,Douglas,,,Hitchhiker's Guide to the Galaxy,,,
Adams,Richard,,,Watership Down,✓,0-380-00293-0,
Akamatsu,Ken,Negima! Magister Negi Magi,1,Don't Touch That Wand!,✓,0-345-47046-X,
Akamatsu,Ken,Negima! Magister Negi Magi,3,Blood Feud With A Vampire,✓,0-345-47180-6,
Albom,Mitch,,,Tuesdays With Morrie,,0-385-48451-8,
Alderton,David,D K Pockets,,Cats,✓,1-56458-886-6,
Alexander ,Lloyd,,,Time Cat,✓,0-14-037827-8,
Allen,Paula Gunn,,,Voice of the Turtle: American Indian Literature 1900-1970,✓,0-345-39505-0,
Andersen,Hans Christian,,,Andersen's Fairy Tales,,,
Aristotle,,,,Aristotle Selections,✓,0-684-14699-1,
Arlidge,M.J.,,,Eeny Meeny,✓,978-1-101-99004-9,Author Autographed
Armstrong,William H.,,,Sounder,✓,0-439-58575-9,
Asimov,Isaac,,,"I, Robot",✓,,
Austen,Jane,,,Emma,,0-7607-0165-2,
Austen,Jane,,,Pride and Prejudice,✓,0-393-96294-6,
Averill,Esther,,,Fire Cat,✓,0-06-444038-9,
Avi,,,,Good Dog,✓,0-689-83825-5,
Bagilo,Ben M.,Animal Ark,1,Kittens in the Kitchen,✓,0-590-18749-X,
Bagilo,Ben M.,Animal Ark,2,Pony on the Porch,✓,0-590-18750-3,
Bagilo,Ben M.,Animal Ark,3,Puppies in the Pantry,✓,0-590-18751-1,
Bagilo,Ben M.,Animal Ark,4,Goat in the Garden,✓,0-590-18752-X,
Bagilo,Ben M.,Animal Ark,5,Hedgehogs in the Hall,✓,0-590-37684-5,
Bagilo,Ben M.,Animal Ark,7,Sheepdog in the Snow,✓,0-590-18757-0,
Bagilo,Ben M.,Animal Ark,8,Cub in the Cupboard,✓,0-590-18755-4,
Bagilo,Ben M.,Animal Ark,9,Piglet in a Playpen,✓,0-590-18756-2,
Bagilo,Ben M.,Animal Ark,10,Ponies at the Point,✓,0-590-66231-7,
Bagilo,Ben M.,Animal Ark,11,Owl in the Office,✓,0-439-08416-4,
Bagilo,Ben M.,Animal Ark,12,Lamb in the Laundry,✓,0-439-08642-6,
Bagilo,Ben M.,Animal Ark,13,Kitten in the Cold,✓,0-439-09698-7,
Bagilo,Ben M.,Animal Ark,14,Goose on the Loose,✓,0-439-09699-5,
Bagilo,Ben M.,Animal Ark,15,Bunnies in the Bathroom,✓,0-439-09700-2,
Bagilo,Ben M.,Animal Ark,16,Hamster in a Handbasket,✓,0-439-09701-0,
Bagilo,Ben M.,Animal Ark,17,Squirrels in the School,✓,0-439-09702-9,
Bagilo,Ben M.,Animal Ark,18,Fox in the Frost,✓,0-439-23017-9,
Bagilo,Ben M.,Animal Ark,19,Guiena Pig in the Garage,✓,0-439-23018-7,
Bagilo,Ben M.,Animal Ark,20,Shetland in the Shed,✓,0-439-23019-5,
Bagilo,Ben M.,Animal Ark,21,Raccoons on the Roof,✓,0-439-23020-9,
Bagilo,Ben M.,Animal Ark,22,Dolphin in the Deep,✓,0-439-23021-7,
Bagilo,Ben M.,Animal Ark,23,Bears in the Barn,✓,0-439-23022-5,
Bagilo,Ben M.,Animal Ark,24,Foals in the Field,✓,0-439-34385-2,
Bagilo,Ben M.,Animal Ark,25,Dog at the Door,✓,0-439-34386-0,
Bagilo,Ben M.,Animal Ark,26,Horse in the House,✓,0-439-34387-9,
Bagilo,Ben M.,Animal Ark,27,Pony in a Package,✓,0-439-34388-7,
Bagilo,Ben M.,Animal Ark,28,Puppy in a Puddle,✓,0-439-34389-5,
Bagilo,Ben M.,Animal Ark,29,Tabby in the Tub,✓,0-439-34390-9,
Bagilo,Ben M.,Animal Ark,30,Pup at the Palace,✓,0-439-34391-7,
Bagilo,Ben M.,Animal Ark,31,Mare in the Meadow,✓,0-439-34392-5,
Bagilo,Ben M.,Animal Ark,32,Cats at the Campground,✓,0-439-34393-3,
Bagilo,Ben M.,Animal Ark,33,Hound at the Hospital,✓,0-439-44891-3,
Bagilo,Ben M.,Animal Ark,34,Terrier in the Tinsel,✓,0-439-44892-1,
Bagilo,Ben M.,Animal Ark,35,Hamster in the Holly,✓,0-439-44893-X,
Bagilo,Ben M.,Animal Ark,36,Husky in a Hut,✓,0-439-44894-8,
Bagilo,Ben M.,Animal Ark,37,Polars on the Path,✓,0-439-44895-6,
Bagilo,Ben M.,Animal Ark,38,Labrador on the Lawn,✓,0-439-68488-9,
Bagilo,Ben M.,Animal Ark Hauntings,1,Stallion in the Storm,✓,0-439-34126-4,
Bagilo,Ben M.,Animal Ark Hauntings,2,Cat in the Crypt,✓,0-439-34407-7,
Bagilo,Ben M.,Animal Ark Hauntings,3,Dog in the Dungeon,✓,0-439-34408-5,
Bagilo,Ben M.,Animal Ark Hauntings,4,Colt in the Cave,✓,0-439-34413-1,
Bagilo,Ben M.,Animal Ark Hauntings,5,Foal in the Fog,✓,0-439-34415-8,
Bagilo,Ben M.,Animal Ark Hauntings,6,Hound on the Heath,✓,0-439-44897-2,
Bagilo,Ben M.,Animal Ark Hauntings,7,Wolf at the Window,✓,0-439-44896-4,
Bagilo,Ben M.,Animal Ark Hauntings,8,Cats in the Castle,✓,0-439-44898-0,
Bagilo,Ben M.,Animal Ark Pets,1,Puppy Puzzle,✓,0-439-05158-4,
Bagilo,Ben M.,Animal Ark Pets,2,Kitten Crowd,✓,0-439-05159-2,
Bagilo,Ben M.,Animal Ark Pets,6,Chick Challenge,✓,0-439-05163-0,
Bagilo,Ben M.,Animal Ark Pets,8,Guinea Pig Gang,✓,0-439-05165-7,
Bagilo,Ben M.,Animal Ark Pets,10,Duckling Diary,✓,0-439-05167-3,
Bagilo,Ben M.,Animal Ark Pets,12,Doggy Dare,✓,0-439-05169-X,
Bagilo,Ben M.,Animal Ark Pets,13,Cat Crazy,✓,0-439-05170-3,
Bagilo,Ben M.,Animal Ark Short Stories,,Kitten That Won First Prize & Others,✓,0-439-09703-7,
Baker,E. D.,Frog Princess,1,Frog Princess,✓,1-58234-923-1,
Baker,E. D.,Frog Princess,2,Dragon's Breath,,1-58234-858-8,
Baker,E. D.,Frog Princess,3,Once Upon a Curse,,1-58234-892-8,
Baker,Richard,Last Mythal,1,Forsaken House,✓,0-7869-3260-0,
Baker,Richard,Last Mythal,3,Final Gate,✓,978-0-7869-4002-8,
Banks,Carolyn,,,Horse to Die For,✓,0-449-14969-2,
Barrie,J. M.,,,Peter Pan,✓,0-694-01318-8,
Barwick,Dee Danner,,,Treasury of Days: Words of Gold,,0-8378-1803-6,
Bates,H. E.,,,Purple Plain,,,
Bathroom Reader's Institute,,,,Uncle John's Great Big Bathroom Reader,✓,1-879682-69-9,
Batten,Mary,,,Baby Wolf,✓,0-448-41645-X,
Baum,L. Frank,,,Wizard of Oz,✓,0-694-01319-6,
Baxter,Stephen,Flood,1,Flood,✓,978-0-451-46328-9,
Baxter,Stephen,Flood,2,Ark,✓,978-0-451-46359-3,
Beagle,Peter S.,,,Last Unicorn,✓,0-451-45052-3,
Beatty,Hetty Burlingame,,,Blitz,✓,,
Behrendt,Greg,,,He's Just Not That Into You,,0-689-87474-X,
Benton,Jim,"Dear Dumb Diary,",,Let's Pretend This Never Happened,✓,0-439-62904-7,Taped
Berman,Steve,,,Bad Seeds: Evil Progeny,✓,978-1-60701-393-8,Short story collection by different authors
Berman,Steve,,,Handsome Devil,✓,978-1-60701-425-6,Short story collection by different authors
Berman,Steve,,,Shades of Blue & Gray,✓,978-1-60701-403-4,Short story collection by different authors
Bishop,Anne,Black Jewels,1 - 3,Black Jewels Trilogy,✓,978-0-451-52901-5,
Bishop,Anne,Ephemera,1,Sebastian,,0-451-46073-1,
Bishop,Anne,Ephemera,2,Belladonna,,978-0-451-46126-1,
Bishop,Anne,,,House of Gaian,✓,0-451-45942-3,
Blume,Judy,Fudge,1,Tales of a Fourth Grade Nothing,✓,0-439-55986-3,
Blume,Judy,Fudge,2,Superfudge,✓,0-439-55894-7,
Blume,Judy,Fudge,3,Fudge-A-Mania,✓,0-439-55985-5,
Blume,Judy,Fudge,4,Double Fudge,✓,0-439-58549-X,
Bowden,Mark,,,Black Hawk Down,✓,0-451-20514-6,
Bradbury,Ray,,,Fahrenheit 451,✓,978-1-4516-7331-9,
Bradbury,Ray,,,Something Wicked This Way Comes,✓,978-0-380-72940-7,
Bradley,Marion Zimmer,,,Mists of Avalon,✓,0-345-35049-9,
Brennan,Caitlin,,,Mountain's Call,✓,0-373-80210-2,
Brett,Peter V.,Demon Cycle,1,Warded Man,✓,978-0-345-51870-5,
Brett,Peter V.,Demon Cycle,2,Desert Spear,✓,978-0-345-52414-0,
Brett,Peter V.,Demon Cycle,3,Daylight War,✓,978-0-345-52415-7,
Brink,Carol Ryrie,,,Caddie Woodlawn,✓,0-689-71370-3,
Britain,Kristen,Green Rider,1,Green Rider,✓,978-0-88677-858-3,
Britain,Kristen,Green Rider,2,First Rider's Call,✓,978-0-7564-0193-1,
Britain,Kristen,Green Rider,3,High King's Tomb,✓,978-0-7564-0588-5,
Britain,Kristen,Green Rider,4,Blackveil,✓,978-0-7564-0779-7,
Britain,Kristen,Green Rider,5,Mirror Sight,,978-0-7564-0879-4,
Brooks,Terry,,,Knight of the Word,,0-345-37963-2,
Brookshear,J. Glenn,Computer Science,,Computer Science: An Overview,✓,978-0-13-256903-3,
Brust,Steven,Vlad Taltos,1 - 3,Book of Jhereg,✓,0-441-00615-9,
Brust,Steven,Vlad Taltos,4 - 5,Book of Taltos,✓,978-0-441-00894-0,
Brust,Steven,Vlad Taltos,6 - 7,Book of Athyra,✓,978-0-441-01010-3,
Bryant,Bonnie,Saddle Club,1,Horse Crazy,✓,0-553-15594-6,
Bryant,Bonnie,Saddle Club,2,Horse Shy,✓,0-553-15611-X,
Bryant,Bonnie,Saddle Club,3,Horse Sense,✓,0-553-15626-8,
Bryant,Bonnie,Saddle Club,4,Horse Power,✓,0-553-15637-3,
Bryant,Bonnie,Saddle Club,33,High Horse,✓,0-553-48147-9,
Burgess,Thornton W.,,,The Adventures of Reddy Fox,,,
Burnett,Frances Hodgson,,,Little Princess,✓,0-439-11471-3,
Burnett,Frances Hodgson,,,Secret Garden,,0-06-095389-6,
Caffery,Nancy,,,Lost Pony,✓,,Taped
Calhoun,Mary,,,Cross-Country Cat,,0-688-32168-0,
Campbell,Alan,Deepgate,1,Scar Night,✓,978-0-553-58931-3,
Campbell,Alan,Deepgate,2,Iron Angel,,978-0-553-38417-8,
Campbell,Joanna,,,Thoroughbred,✓,0-553-20601-X,
Canavan,Trudi,Kyralia: 1 Black Magician,1,Magicians' Guild,✓,978-0-06-057528-1,
Canavan,Trudi,Kyralia: 1 Black Magician,2,Novice,✓,978-0-06-057529-8,
Canavan,Trudi,Kyralia: 1 Black Magician,3,High Lord,✓,978-0-06-057530-4,
Canavan,Trudi,Kyralia: 2,1,Magician's Apprentice,✓,978-0-316-03787-7,
Canavan,Trudi,Kyralia: 3 Traitor Spy,1,Ambassador's Mission,✓,978-0-316-03781-5,
Canavan,Trudi,Kyralia: 3 Traitor Spy,2,Rogue,✓,978-0-316-03784-6,
Canavan,Trudi,Kyralia: 3 Traitor Spy,3,Traitor Queen,✓,978-0-316-03790-7,
Canfield,Jack,Chicken Soup,,Chicken Soup for the Teenage Soul 4,✓,0-7573-0233-5,
Capote,Truman,,,In Cold Blood,,0-679-60023-X,
Carey,Lisa,,,Mermaids Singing,✓,0-380-79960-X,
Carroll,Lewis,,,Alice's Adventures in Wonderland & Through the Looking-Glass,✓,,
Cashore,Kristin,Graceling: 1 Prequel,1,Fire,✓,978-0-14-241591-7,
Cashore,Kristin,Graceling: 2 Main,1,Graceling,✓,978-0-547-25830-0,
Cashore,Kristin,Graceling: 2 Main,2,Bitterblue,✓,978-0-14-242601-2,
Castero,Adam-Troy,,,Her Husband's Hands and Other Stories,✓,978-1-60701-408-9,Short story collection
Castiglione,Baldesar,,,Book of the Courtier,✓,59-12883,
Caulfield,Genevieve,,,Kingdom Within,,59-13279,
Cellini,Benvenuto,Works of...,,Works of Cellini,,,
Chambless-Rigie,Jane,,,Three Little Kittens,,0-307-03946-3,
Chance,Karen,Cassie Palmer,1,Touch the Dark,✓,0-451-46093-6,
Chance,Karen,Cassie Palmer,2,Claimed by Shadow,✓,978-0-451-46152-0,
Chance,Karen,Cassie Palmer,3,Embrace the Night,✓,978-0-451-46199-5,
Chance,Karen,Cassie Palmer,4,Curse the Dawn,✓,978-0-451-41270-6,
Chandler,David,Ancient Blades,1,Den of Thieves,,978-1-61129-915-1,
Chapman,Stephen J.,Electric Engineering,,Electric Machinery Fundamentals,,978-0-07-352954-7,
Chekhov,Anton,Works of...,,Works of Chekhov,,,
Cherryh,C. J.,Faded Sun,1 - 3,Faded Sun Trilogy,✓,0-88677-869-7,
Cherryh,C.J.,,,Fortress in the Eye of Time,,0-06-109295-9,
Cisneros,Sandra,,,House on Mango Street,✓,978-0-679-73477-2,
Clavell,James,Asian Saga,1,Shōgun,✓,978-0-440-17800-2,
Cleary,Beverly,,,Ramona's World,✓,0-380-73272-6,
Clement-Davies,David,,,Sight,✓,978-0-14-240874-2,
Collier,,World's Great Events,1,Creation to B.C. 207,,,
Collier,,World's Great Events,2,B.C. 207 to A.D. 1190,,,
Collier,,World's Great Events,3,1190 to 1508,,,
Collier,,World's Great Events,4,1508 to 1688,,,
Collier,,World's Great Events,5,1688 to 1792,,,
Collier,,World's Great Events,6,1792 to 1857,,,
Collier,,World's Great Events,7,1857 to 1904,,,
Collins,Suzanne,Hunger Games,1,Hunger Games,,978-0-439-02348-1,
Collins,Suzanne,Hunger Games,2,Catching Fire,,978-0-439-02349-8,
Collins,Suzanne,Hunger Games,3,Mockingjay,,978-0-439-02351-1,
Comer,David,Electric Engineering,,Fundamentals of Electronic Circuit Design,,0-471-41016-0,
Commager,Henry Steele,,,Heritage of America,,,
Conway,Nicole,Dragonrider,1,Fledgling,✓,978-1-49299-378-0,Taped
Cornwell,Bernard,Arthur,,Winter King,✓,0-312-15696-0,
Costello,Emily,Animal Emergency,4,Runaway Wolf Pups,✓,0-380-79757-7,
Costello,Emily,Animal Emergency,7,Hit-And-Run Retriever,✓,0-380-81600-8,
Courlander,Harold,,,Treasury of African Folklore,,74-80306,
Crane,Stephen,,,The Red Badge of Courage,,0-14-036710-1,
Creech,Sharon,,,Chasing Redbird,✓,0-06-440696-2,
Creech,Sharon,,,Walk Two Moons,✓,978-0-06-056013-3,
Crichton,Michael,,,Andromeda Strain,,69-14731,
Croggon,Alison,Pellinor,1,Naming,✓,978-0-7636-3162-8,
Croggon,Alison,Pellinor,2,Riddle,✓,978-0-7636-3414-8,
Croggon,Alison,Pellinor,3,Crow,✓,978-0-7636-4146-7,
Croggon,Alison,Pellinor,4,Singing,,978-0-7636-3665-4,
Cronin,A. J.,,,Green Years,,,
Cross,Janine,Dragon Temple Saga,1,Touched by Venom,✓,0-451-46079-0,
Cross,Janine,Dragon Temple Saga,2,Shadowed by Wings,✓,0-451-46089-8,
Cross,Janine,Dragon Temple Saga,3,Forged by Fire,✓,978-0-451-46128-5,
D'Lacey,Chris,Last Dragon Chronicles,1,Fire Within,✓,0-439-67244-9,
D'Lacey,Chris,Last Dragon Chronicles,2,Icefire,✓,0-439-67246-5,
D'Lacey,Chris,Last Dragon Chronicles,3,Fire Star,✓,978-0-439-90185-7,
D'Lacey,Chris,Last Dragon Chronicles,4,Fire Eternal,✓,978-0-545-05164-4,
D'Lacey,Chris,Last Dragon Chronicles,5,Dark Fire,✓,978-0-545-10273-5,
D'Lacey,Chris,Last Dragon Chronicles,6,Fire World,✓,978-0-545-28369-4,
D'Lacey,Chris,Last Dragon Chronicles,7,Fire Ascending,✓,978-0-545-40293-4,
Dahl,Roald,,,Charlie and the Chocolate Factory,,,
Dahl,Roald,,,James and the Giant Peach,✓,0-14-037424-8,
Daniells,Rowena Cory,Chronicles of King Rolen's Kin,1,King's Bastard,✓,978-1-907519-01-7,
Daniells,Rowena Cory,Chronicles of King Rolen's Kin,2,Uncrowned King,✓,978-1-907519-05-5,Water damage
Daniells,Rowena Cory,Chronicles of King Rolen's Kin,3,Usurper,✓,978-1-907519-07-9,
Daniells,Rowena Cory,Chronicles of King Rolen's Kin,4,King Breaker,✓,978-1-78108-150-1,
Daniells,Rowena Cory,Outcast Chronicles,1,Besieged,✓,978-1-78108-011-5,
Daniells,Rowena Cory,Outcast Chronicles,2,Exile,✓,978-1-78108-013-9,
Daniells,Rowena Cory,Outcast Chronicles,3,Sanctuary,✓,978-1-78108-015-3,
Daniels,Lucy,Horseshoe Trilogies,1,Keeping Faith,✓,0-7868-1618-X,
Dashner,James,Eye of Minds,1,Eye of Minds,,978-0-385-74139-2,
Dashner,James,Eye of Minds,2,Rule of Thoughts,,978-0-385-74141-5,
Dashner,James,Maze Runner,0,Kill Order,✓,978-0-385-74289-4,
Dashner,James,Maze Runner,1,Maze Runner,✓,978-0-385-73795-1,
Dashner,James,Maze Runner,2,Scorch Trials,✓,978-0-385-73876-7,
Dashner,James,Maze Runner,3,Death Cure,✓,978-0-385-73878-1,
Daugherty,William E.,,,Psychological Warfare Casebook,,,
Dennis,Wesley,,,Tumble: The Story of a Mustang,✓,,
Dept. of Health & Human Services,,Electric Engineering,,Electrical Safety: Student Manual,✓,,
DiCamillo,Kate,,,Tale of Desperaux,✓,978-0-7636-2529-0,
DiCamillo,Kate,,,Tiger Rising,✓,0-7636-1898-5,
Dick,Philip K.,,,Do Androids Dream of Electric Sheep?,✓,978-0-345-40447-3,
Dickens,Charles,,,Great Expectations,,,
Dickens,Charles,,,Martin Chuzzlewit,,,
Dickens,Charles,,,Old Curiosity Shop,,,
Dickens,Charles,,,Tale of Two Cities,,,
Dickens,Charles,,,Works of Charles Dickens,,0-681-27066-7,
Dickerson,Karle,,,Forgotten Filly,✓,0-06-106732-6,
Diggs,Lucy,,,Everyday Friends,✓,0-8167-1047-3,Taped
Dinesen,Isak,,,Winter's Tales,,,
Doctorow,Cory,,,Great Big Beautiful Tomorrow,✓,978-1-60486-404-5,
Donnelly,Jennifer,,,Northern Light,✓,0-15-205310-7,
Donoghue,Emma,,,Room,✓,978-0-316-09832-8,
Dostoevsky,Fyodor,,,Crime and Punishment,,,
Douglas,Kristina,,,The Fallen: Demon,✓,978-1-4391-9193-4,
Douglass,Sara,Wayfarer Redemption,1,Wayfarer Redemption (BattleAxe),✓,0-765-34130-1,
Douglass,Sara,Wayfarer Redemption,2,Enchanter,✓,0-7322-5129-X,
Downer,Ann,,,Hatching Magic,✓,0-689-87057-4,
Doyle,A. Conan,Works of...,,Works of Doyle,,,
Doyle,Sir Arthur Conan,Complete Sherlock Holmes,,Volume 1,,,
Dratfield,Jim,,,Quotable Equine,,1-4000-4870-2,
Dumas,Alexandre,,,Three Musketeers,,53-3494,
Duncan,Dave,King's Blades,3,Sky of Swords,✓,0-380-79128-5,
Durrant,Lynda,,,Beaded Moccasins - The Story of Mary Campbell,✓,0-440-41591-8,
Ebershoff,David,,,19th Wife,✓,978-0-8129-7415-7,
Eggleton,Bob,,,Alien Horizons: Fantastic Art of Bob Eggleton,,1-85028-337-0,
Elliott,Kate,Spirit Walker,1,Cold Magic,✓,978-0-316-08087-3,
Elliott,Kate,Spirit Walker,2,Cold Fire,✓,978-0-316-08098-9,
Elliott,Kate,Spirit Walker,3,Cold Steel,✓,978-0-316-08090-3,
Elton,G. R.,,,Reformation Europe (1517-1559),,64-11049,
Emerson,Ralph Waldo,Works of...,,Works of Emerson,,,
Erikson,Steven,Malazan Book of the Fallen,1,Gardens of the Moon,✓,978-0-7653-4878-4,
Etter,Delores M.,Computer Science,,Engineering Problem Solving with C++,✓,978-0-13-601175-0,
Evans,Nicholas,,,Horse Whisperer,✓,0-440-22265-6,
Ewing,Lynne,Daughters of the Moon,1 - 3,Daughters of the Moon,✓,978-142313450-3,
Farca,Paula,English,,Nature and Human Values,✓,978-0-738-03643-4,
Farley,Steven,Black Stallion,1,Black Stallion's Shadow,✓,0-679-89046-7,
Farley,Terri,Phantom Stallion,1,Wild One,✓,0-06-441085-4,
Farley,Terri,Phantom Stallion,2,Mustang Moon,✓,0-06-441086-2,
Farley,Terri,Phantom Stallion,3,Dark Sunshine,✓,0-06-441087-0,
Farley,Terri,Phantom Stallion,4,Renegade,✓,0-06-441088-9,
Farley,Terri,Phantom Stallion,5,Free Again,✓,0-06-441089-7,
Farley,Terri,Phantom Stallion,6,Challenger,✓,0-06-441090-0,
Farley,Terri,Phantom Stallion,7,Desert Dancer,✓,0-06-053725-6,
Farley,Terri,Phantom Stallion,8,Golden Ghost,✓,0-06-053726-4,
Farley,Terri,Phantom Stallion,9,Gift Horse,✓,0-06-056157-2,
Farley,Terri,Phantom Stallion,10,Red Feather Filly,✓,0-06-056158-0,
Farley,Terri,Phantom Stallion,11,Untamed,✓,0-06-056159-9,
Farley,Terri,Phantom Stallion,12,Rain Dancer,✓,0-06-058313-4,
Farley,Terri,Phantom Stallion,13,Heartbreak Bronco,✓,0-06-058314-2,
Farley,Terri,Phantom Stallion,14,Moonrise,✓,0-06-058315-0,
Farley,Terri,Phantom Stallion,15,Kidnapped Colt,✓,0-06-058316-9,
Farley,Terri,Phantom Stallion,16,Wildest Heart,✓,0-06-058317-7,
Farley,Terri,Phantom Stallion,17,Mountain Mare,✓,978-0-06-075845-5,
Farley,Walter,Black Stallion,1,Black Stallion,✓,0-679-81343-8,
Farley,Walter,Black Stallion,2,Black Stallion Returns,✓,0-679-81344-6,
Farley,Walter,Black Stallion,3,Son of the Black Stallion,✓,0-679-81345-4,
Farley,Walter,Black Stallion,4,Island Stallion,✓,0-394-84376-2,Taped
Farley,Walter,Black Stallion,5,Black Stallion and Statan,✓,0-679-81346-2,
Farley,Walter,Black Stallion,7,Island Stallion's Fury,✓,0-394-84373-8,
Farley,Walter,Black Stallion,8,Black Stallion's Filly,✓,0-394-83916-1,
Farley,Walter,Black Stallion,9,Black Stallion Revolts,✓,0-394-83613-8,
Farley,Walter,Black Stallion,11,Island Stallion Races,✓,0-394-84375-4,
Farley,Walter,Black Stallion,12,Black Stallion's Courage,✓,0-394-83918-8,
Farley,Walter,Black Stallion,13,Black Stallion Mystery,✓,0-679-82700-5,
Farley,Walter,Black Stallion,15,Black Stallion and Flame,✓,0-679-82020-5,
Farley,Walter,Black Stallion,21,Young Black Stallion,✓,0-375-82935-0,
Faulkner,William,,,As I Lay Dying,,0-375-50452-4,Taped outer cover
Fertig,Michael P.,,,If Cats Could Talk: The Meaning of Meow,,978-1-4127-4051-7,
Feynman,Richard P.,Chemistry,,Chemistry: The Foundation Science,✓,978-0-558-82904-9,
Fforde,Jasper,,,Shades of Grey,✓,978-0-14-311858-9,
Fisher,Jude,Fool's Gold,1,Sorcery Rising,✓,0-7654-0110-0,
Fisher,Jude,Fool's Gold,2,Wild Magic,✓,0-7564-0189-5,
Fisher,Jude,Fool's Gold,3,Rose of the World,✓,0-7564-0337-5,
Fitzgeralds,,,,My Animal Alphabet Book,,,Cloth book
Fitzhugh,Louise,,,Harriet the Spy,✓,0-440-41679-5,
Flynn,Gillian,,,Gone Girl,,,
Foer,Jonathan Safran,,,Extremely Loud and Incredibly Close,,978-0-618-71165-9,
Forsyth,Kate,Rhiannon's Ride,1,Tower of Ravens,✓,0-451-46032-4,
Forsyth,Kate,Rhiannon's Ride,2,Shining City,✓,0-451-46080-4,
Forsyth,Kate,Rhiannon's Ride,3,Heart of Stars,✓,978-0-451-46144-5,
Francis,Diana Pharaoh,Crosspointe,1,Cipher,✓,978-0-451-46179-7,
Francis,Diana Pharaoh,Crosspointe,2,Black Ship,✓,978-0-451-46242-8,
Francis,Diana Pharaoh,Crosspointe,3,Turning Tide,✓,978-0-451-46268-8,
Francis,Diana Pharaoh,Crosspointe,4,Hollow Crown,✓,978-0-451-46339-5,
Francis,Diana Pharaoh,Path of Fate,1,Path of Fate,✓,978-0-451-45950-3,
Francis,Diana Pharaoh,Path of Fate,2,Path of Honor,✓,978-0-451-45991-6,
Francis,Diana Pharaoh,Path of Fate,3,Path of Blood,✓,978-0-451-46082-0,Author Autographed
Frank,Anne,,,Anne Frank: The Diary of a Young Girl,✓,0-671-49620-4,
Franklin,Gene F.,Electric Engineering,,Engineering,✓,978-0-558-73432-9,
Friedman,C.S.,,,Black Sun Rising,✓,0-88677-527-2,
Friedman,Thomas L.,,,Lexus and the Olive Tree,,0-374-19203-0,
Friedman,Thomas L.,,,World Is Flat,,0-374-29288-4,
Fulcher,James,Economics,,Capitalism,✓,978-0-19-280218-7,
Funk,Wilfred,,,Word Origins and Their Romantic Stories,,,
Funke,Cornelia,Inkheart,1,Inkheart,✓,0-439-53165-9,Taped
Funke,Cornelia,Inkheart,2,Inkspell,,0-439-55400-4,
Funke,Cornelia,Inkheart,3,Inkdeath,,978-0-439-86628-6,
Funke,Cornelia,,,Dragon Rider,,0-439-68513-3,
Funke,Cornelia,,,Thief Lord,,0-439-85271-4,
Gabaldon,Diana,,,Exile,,978-0-345-50538-5,Author Autographed
Gardiner,John Reynolds,,,Stone Fox,✓,978-0-545-54822-9,
Garrity,Devin A.,,,44 Irish Short Stories,,54-10817,Short story collection by different authors
Gear,W. Michael,People,1,People of the Wolf,✓,0-765-35030-0,
Gear,W. Michael,People,2,People of the Fire,✓,0-812-52150-1,
Gear,W. Michael,People,3,People of the Earth,✓,0-812-50742-8,
Gear,W. Michael,People,4,People of the River,✓,0-812-50743-6,
Gear,W. Michael,People,6,People of the Lakes,✓,0-812-50747-9,
Gear,W. Michael,People,7,People of the Lightning,✓,0-812-51556-0,
Gear,W. Michael,People,8,People of the Silence,✓,0-812-51559-5,
Gear,W. Michael,People,9,People of the Mist,✓,0-812-51560-9,
Gear,W. Michael,People,10,People of the Masks,✓,0-812-51561-7,
Gear,W. Michael,People,11,People of the Owl,✓,0-812-58983-1,
Gear,W. Michael,People,12,People of the Raven,✓,0-765-34757-1,
George,David L.,,,Family Book of Best Loved Poems,,,
George,Jean Craighead,Julie of the Wolves,1,Julie of the Wolves,✓,0-06-440058-1,
George,Jean Craighead,Julie of the Wolves,2,Julie,✓,0-06-440573-7,
George,Jean Craighead,Julie of the Wolves,3,Julie's Wolf Pack,✓,0-06-440721-7,
George,Jean Craighead,My Side of the Mountain,1,My Side of the Mountain,✓,978-0-14-240111-8,
George,Jean Craighead,My Side of the Mountain,2,On the Far Side of the Mountain,✓,978-0-14-131241-5,
George,Jean Craighead,My Side of the Mountain,3,Frightful's Mountain,✓,978-0-14-131235-4,
George,Jean Craighead,,,Animals Who Have Won Our Hearts,✓,0-590-98232-X,Short story collection
George,Jean Craighead,,,Vulpes: the Red Fox,✓,0-14-037623-2,
Gipson,Fred,,,Old Yeller,✓,978-0-439-15963-0,
Goerzen,John,Computer Science,,Foundations of Python Network Programming,✓,1-59059-371-5,
Goodman,Alison,Eon,1,Eon,✓,978-0-14-241711-9,
Goodman,Alison,Eon,2,Eona,✓,978-0-14-242093-5,
Green,John,,,Fault in Our Stars,✓,978-0-14-751373-1,Author Autographed
Greenberg,Martin H.,,,"Cat Crimes I, II, III",,1-56731-278-0,Short story collection by different authors
Greenwood,Ed,Falconfar,1,Dark Lord,✓,978-1-84416-584-1,
Grene,David,Greek Tragedies,,Volume 1,✓,0-226-30774-3,
Grene,David,Greek Tragedies,,Volume 2,✓,0-226-30775-1,
Grene,David,Greek Tragedies,,Volume 3,✓,0-226-30777-8,
Grimm,Jacob,,,Grimm's Fairy Tales,✓,978-1-59308-056-3,
Grogan,John,,,Marley & Me,,978-0-06-081708-4,
Grothe,Mardy,,,Oxymoronica,,978-0-06-053699-2,
Guran,Paula,,,After the End: Recent Apocalypses,✓,978-1-60701-390-7,Short story collection by different authors
Guran,Paula,,,Extreme Zombies,✓,978-1-60701-352-5,Short story collection by different authors
Guran,Paula,,,Once Upon a Time,✓,978-1-60701-404-1,Short story collection by different authors
Guran,Paula,,,Rock On,✓,978-1-60701-315-0,Short story collection by different authors
Guran,Paula,,,Time Travel: Recent Trips,✓,978-1-60701-434-8,Short story collection by different authors
Guran,Paula,,,Weird Detectives: Recent Investigations,✓,978-1-60701-384-6,Short story collection by different authors
Guran,Paula,,,"Witches: Wicked, Wild & Wonderful",✓,978-1-60701-294-8,Short story collection by different authors
Guran,Paula,,,Year's Best Dark Fantasy & Horror 2010,✓,978-1-60701-233-7,Short story collection by different authors
Guran,Paula,,,Zombies: More Recent Dead,✓,978-1-60701-433-1,Short story collection by different authors
Gwartney,James,Economics,,Common Sense Economics,,978-0-312-33818-3,
Haggard,H. Rider,Works of...,,Works of Haggard,,,
Handeland,Lori,,,Blue Moon,✓,0-312-99134-7,
Handeland,Lori,,,Dark Moon,✓,0-312-99136-3,
Harlow,Joan Hiatt,,,Star in the Storm,✓,0-689-84621-5,
Harlow,Joan Hiatt,,,Thunder from the Sea,✓,1-4169-1214-2,
Hartley,Gregory,,,Body Language Handbook,✓,978-1-60163-076-6,Author Autographed
Hartman,Rachel,Seraphina,1,Seraphina,,978-0-375-86656-2,
Hartman,Rachel,Seraphina,2,Shadow Scale,,978-0-375-86657-9,
Haugaard,Erik Christian,,,The Samurai's Tale,,978-0-618-61512-4,
Hawke,Nathan,Gallow,1,Crimson Shield,✓,978-0-575-11508-8,
Hawke,Nathan,Gallow,2,Cold Redemption,✓,978-0-575-11510-1,
Hawke,Nathan,Gallow,3,Last Bastion,✓,978-0-575-11512-5,
Hawthorne,Nathaniel,Works of...,,Works of Hawthorne,,,
Hawthorne,Nathaniel,,,Scarlet Letter,✓,0-553-21009-2,
Hawthorne,Nathaniel,,,Scarlet Letter,✓,,
Haywood,Robin,,,Pooped Puppies: Life's Too Short to Work Like a Dog,,1-56906-575-6,
Heinlein,Robert A.,,,Stranger in a Strange Land,✓,0-441-79304-8,
Hemingway,Ernest,,,Farewell to Arms,,,
Hendee,Barb,Dhampir,1,Dhampir,✓,978-0-451-45906-0,
Henderson,Alice,,,Voracious,,978-1-60751-783-2,
Henry,Marguerite,,,King of the Wind,✓,0-439-58576-7,
Herold,J. Christopher,,,Age of Napoleon,✓,0-8281-0491-3,
Hesse,Karen,,,Music of Dolphins,✓,0-590-89798-5,
Hiaasen,Carl,,,Scat,,978-0-375-83486-8,
Hickman,Tracy,Annals of Drakis,1,Song of the Dragon,✓,978-0-7564-0673-8,
Hobb,Robin,Soldier Son,1,Shaman's Crossing,✓,978-0-06-075828-8,
Hobb,Robin,Soldier Son,2,Forest Mage,✓,978-0-06-075829-5,
Hobb,Robin,Soldier Son,3,Renegade's Magic,✓,978-0-06-075830-1,
Hobbs,Will,,,Big Wander,✓,0-689-87070-1,
Hodder,Mark,,,Strange Affair of Spring Heeled Jack,✓,978-1-61614-240-7,
Hoffman,Alice,,,Aquamarine,✓,0-439-09864-5,
Horton,Rich,,,Robots - The Recent A.I.,✓,978-1-60701-318-1,Short story collection by different authors
Horton,Rich,,,Super Heroes,✓,978-1-60701-380-8,Short story collection by different authors
Hosseini,Khaled,,,And the Mountains Echoed,✓,978-1-59463-238-9,
Hosseini,Khaled,,,Kite Runner,✓,1-59448-177-6,
Hosseini,Khaled,,,Thousand Splendid Suns,,978-1-59448-950-1,
Hubbard,R. Glenn,Economics,,Economics,✓,978-0-558-83374-9,
Hugo,Victor,Works of...,,Works of Hugo,,,
Hugo,Victor,,,Les Misérables,✓,978-1-59308-066-2,
Hulick,Douglas,Kin,,Among Thieves,✓,978-0-451-46390-6,
Hunt,Angela Elwell,,,Silver Sword,✓,978-0-307-45809-4,
Hunter,Erin,Warriors: 1,2,Fire and Ice,,978-0-06-000003-5,
Hunter,Erin,Warriors: 1,3,Forest of Secrets,,0-06-000004-X,
Hunter,Erin,Warriors: 1,4,Rising Storm,,0-06-000005-8,
Hunter,Erin,Warriors: 1,5,Dangerous Path,,0-06-000006-6,
Hunter,Erin,Warriors: 1,6,Darkest Hour,,0-06-000007-4,
Hunter,Erin,Warriors: 2 The New Prophecy,1,Midnight,,0-06-074449-9,
Hunter,Erin,Warriors: 2 The New Prophecy,2,Moonrise,,0-06-074452-9,
Hunter,Erin,Warriors: 2 The New Prophecy,3,Dawn,,978-0-06-074455-7,
Hunter,Erin,Warriors: 2 The New Prophecy,4,Starlight,,978-0-06-082758-8,
Hunter,Erin,Warriors: 2 The New Prophecy,6,Sunset,,978-0-06-082769-4,
Hunter,Erin,Warriors: 3 Power of Three,1,Sight,,978-0-06-089204-3,
Hunter,Erin,Warriors: 3 Power of Three,1,Sight,,978-0-06-089201-2,
Hunter,Erin,Warriors: 3 Power of Three,2,Dark River,,978-0-06-089205-0,
Hunter,Erin,Warriors: 3 Power of Three,3,Outcast,,978-0-06-089208-1,
Hunter,Erin,Warriors: 3 Power of Three,4,Eclipse,,978-0-06-089211-1,
Hunter,Erin,Warriors: 3 Power of Three,5,Long Shadows,,978-0-06-089214-2,
Hunter,Erin,Warriors: 3 Power of Three,6,Sunrise,,978-0-06-089217-3,
Hunter,Erin,Warriors: 4 Omen of the Stars,1,Fourth Apprentice,,978-0-06-155509-1,
Hunter,Erin,Warriors: 4 Omen of the Stars,2,Fading Echoes,,978-0-06-155512-1,
Hunter,Erin,Warriors: 4 Omen of the Stars,3,Night Whispers,,978-0-06-155515-2,
Hunter,Erin,Warriors: 4 Omen of the Stars,4,Sign of the Moon,,978-0-06-155518-3,
Hunter,Erin,Warriors: 4 Omen of the Stars,5,Forgotten Warrior,,978-0-06-155522-0,
Hunter,Erin,Warriors: 4 Omen of the Stars,6,Last Hope,,978-0-06-155527-5,
Hunter,Erin,Warriors: 5 Super Edition,,Crookedstar's Promise,,978-0-06-198097-8,
Hunter,Erin,Warriors: 5 Super Edition,,Firestar's Quest,,978-0-06-113164-6,
Hunter,Erin,Warriors: 5 Super Edition,,SkyClan's Destiny,,978-0-06-169994-8,
Huxley,Aldous,,,Brave New World,,,
Ibbotson,Eva,,,Secret of Platform 13,✓,0-439-26768-4,
Iggulden,Conn,Conqueror,1,Wolf of the Plains,✓,978-0-00-720175-4,
Irving,Washington,,,"Sketch Book of Geoffrey Crayon, Gent.",,,
Ishii,Takayuki,,,One Thousand Paper Cranes,✓,978-0-440-22843-1,
Jacques,Brian,Redwall,1,Lord Brocktree,✓,0-441-00872-0,
Jacques,Brian,Redwall,2,Martin the Warrior,✓,0-14-240055-6,
Jacques,Brian,Redwall,3,Mossflower,✓,0-14-230238-4,
Jacques,Brian,Redwall,4,Legend of Luke,✓,0-441-00773-2,
Jacques,Brian,Redwall,5,Outcast of Redwall,✓,0-14-240142-0,Taped
Jacques,Brian,Redwall,6,Mariel of Redwall,✓,0-14-230239-2,
Jacques,Brian,Redwall,7,Bellmaker,✓,0-441-00315-X,
Jacques,Brian,Redwall,8,Salamandastron,✓,0-14-250152-2,
Jacques,Brian,Redwall,9,Redwall,✓,0-441-00548-9,Taped
Jacques,Brian,Redwall,10,Mattimeo,✓,0-14-230240-6,
Jacques,Brian,Redwall,11,Pearls of Lutra,✓,0-14-240144-7,
Jacques,Brian,Redwall,12,Long Patrol,✓,0-14-240245-1,
Jacques,Brian,Redwall,13,Marlfox,✓,0-441-00693-0,
Jacques,Brian,Redwall,14,Taggerung,✓,0-14-250154-9,
Jacques,Brian,Redwall,15,Triss,✓,0-14-240248-6,
Jacques,Brian,Redwall,16,Loamhedge,,0-399-23724-0,
Jacques,Brian,Redwall,17,Rakkety Tam,✓,0-441-01318-X,
Jacques,Brian,Redwall,18,High Rhulain,,0-399-24208-2,
Jacques,Brian,Redwall,20,Doomwyte,✓,978-0-441-01778-2,
Jemisin,N. K.,Inheritance,1,Hundred Thousand Kingdoms,✓,978-0-316-04392-2,
Johansen,Iris,,,Midnight Warrior,✓,978-0-553-59216-0,
Jones,Howard Andrew,Pathfinder Tales,10,Stalking the Beast,✓,978-1-60125-572-3,
Jordan,Robert,Wheel of Time,1,Eye of the World,✓,978-0-8125-1181-9,
Jordan,Robert,Wheel of Time,2,Great Hunt,✓,978-0-8125-1772-9,
Jordan,Robert,Wheel of Time,3,Dragon Reborn,✓,978-0-8125-1371-4,
Jordan,Robert,Wheel of Time,4,Shadow Rising,✓,0-812-51373-8,
Jordan,Robert,Wheel of Time,5,Fires of Heaven,✓,0-812-55030-7,
Jordan,Robert,Wheel of Time,6,Lord of Chaos,✓,978-0-8125-1375-2,
Jordan,Robert,Wheel of Time,7,Crown of Swords,✓,978-0-8125-5028-3,
Jordan,Robert,Wheel of Time,8,Path of Daggers,✓,0-812-55029-3,
Jordan,Robert,Wheel of Time,9,Winter's Heart,✓,978-0-8125-7558-3,
Jordan,Robert,Wheel of Time,10,Crossroads of Twilight,✓,978-0-8125-7133-2,
Jordan,Robert,Wheel of Time,11,Knife of Dreams,✓,0-812-57756-6,
Jordan,Robert,Wheel of Time,14,Memory of Light,✓,978-0-7653-6488-3,
Jordan,Robert,Wheel of Time: In the Beginning,,New Spring,✓,0-765-34545-5,
Kadohata,Cynthia,,,Cracker! The Best Dog in Vietnam,,978-1-4169-0637-7,
Kavanaugh,James,,,There are Men Too Gentle to Live Among Wolves,,0-8402-1141-4,
Kay,Guy Gavriel,,,Tigana,✓,978-0-451-45776-9,
Kendrick,Baynard,,,Flames of Time,,,
Kerner,Elizabeth,Song In the Silence,1,Song In the Silence,✓,978-0-8125-5044-3,
Kerner,Elizabeth,Song In the Silence,2,Lesser Kindred,✓,978-0-8125-6875-2,
Kerner,Elizabeth,Song In the Silence,3,Redeeming the Lost,✓,0-812-56876-1,
Kerr,Katharine,Dragon Mage,1,The Red Wyvern,✓,0-553-57264-4,
Kerr,Katharine,Westlands,10,Days of Air and Darkness,✓,0-553-57262-8,
Kiernan,Caitlín R.,,,Beowulf,✓,978-0-06-134128-1,
King,Gabriel,Wild Road,1,Wild Road,✓,0-345-42303-8,
King,Gabriel,Wild Road,2,Golden Cat,✓,0-345-42305-4,
Kipling,Rudyard,Kipling: A Selection of His Stories and Poems,,Volume 1,,56-6647,
Kipling,Rudyard,Kipling: A Selection of His Stories and Poems,,Volume 2,,56-6647,
Kirkpatrick,Russell,Fire of Heaven,1,Across the Face of the World,✓,978-0-316-00341-4,
Kirkpatrick,Russell,Fire of Heaven,2,In the Earth Abides the Flame,✓,978-0-316-00342-1,
Kirkpatrick,Russell,Fire of Heaven,3,Right Hand of God,✓,978-0-316-00343-8,
Knight,E. E.,Age of Fire,1,Dragon Champion,✓,0-451-46047-2,Taped
Knight,E. E.,Age of Fire,2,Dragon Avenger,✓,0-451-46109-6,Taped
Knight,E. E.,Age of Fire,3,Dragon Outcast,✓,978-0-451-46185-8,Taped
Knight,E. E.,Age of Fire,4,Dragon Strike,✓,978-0-451-46235-0,
Knight,E. E.,Age of Fire,5,Dragon Rule,✓,978-0-451-46295-4,
Knight,E. E.,Age of Fire,6,Dragon Fate,✓,978-0-451-46356-2,
Konietzko,Bryan,Avatar: the Last Airbender,1,Lost Adventures,✓,978-1-59582-748-7,
Koontz,Dean,,,Darkest Evening of the Year,✓,978-0-553-58912-2,
Koyanagi,Jacqueline,Tangled Axon,1,Ascension,✓,978-1-60701-401-0,
Kreyszig,Erwin,Math,,Advanced Engineering Mathematics,,978-0-470-45836-5,
Kushner,Ellen,,,Swordspoint,✓,0-553-58549-5,
L'Engle,Madeleine,Wrinkle in Time,1,Wrinkle in Time,✓,0-440-49805-8,
L'Engle,Madeleine,Wrinkle in Time,2,Swiftly Tiliting Planet,✓,0-440-40158-5,
L'Engle,Madeleine,Wrinkle in Time,3,Many Waters,✓,0-440-40548-3,
Lackey,Mercedes,,,Flights of Fantasy,✓,0-88677-863-8,Short story collection by different authors
Lackey,Mercedes,,,Owlflight,,0-88677-754-2,
Lake,Jay,,,Love in the Time of Metal and Flesh,,978-1-60701-340-2,
Langan,John,,,Creatures: Thirty Years of Monsters,✓,978-1-60701-284-9,Short story collection by different authors
LaPlante,Richard,,,Tegné,✓,0-812-55270-9,
Larke,Glenda,Forsaken Lands,1,Lascar's Dagger,✓,978-0-316-39966-1,
Larke,Glenda,Forsaken Lands,2,Dagger's Path,✓,978-0-316-39968-5,
Larke,Glenda,Stormlord,1,Last Stormlord,✓,978-0-316-06915-1,
Larke,Glenda,Stormlord,2,Stormlord Rising,✓,978-0-316-06914-4,
Larke,Glenda,Stormlord,3,Stromlord's Exile,✓,978-0-316-06913-7,
Larsen,Nella,,,Quicksand,✓,978-0-486-45140-4,
Lasky,Kathryn,Legend of the Guardians: Owls of Ga'Hoole,1 - 3,Guardians of Ga'Hoole Collection,,978-0-545-26352-8,
Lawrence,Mark,Broken Empire,1,Prince of Thorns,✓,978-1-937007-68-3,
Lawrence,Mark,Broken Empire,2,King of Thorns,✓,978-0-425-25623-7,2 owned
Lawrence,Mark,Broken Empire,3,Emperor of Thorns,✓,978-0-425-25654-1,
Lee,Harper,,,To Kill a Mockingbird,✓,978-0-06-112008-4,
Lee,Tanith,Black Unicorn,1,Black Unicorn,✓,978-1-59687-162-5,
Lee,Tanith,Black Unicorn,1,Black Unicorn,,0-689-31575-9,
Lee,Tanith,Black Unicorn,2,Gold Unicorn,✓,0-812-54320-3,
Lee,Tanith,Black Unicorn,2,Gold Unicorn,,0-689-31814-6,
Lee,Tanith,Black Unicorn,3,Red Unicorn,✓,0-765-34568-4,
Lee,Tanith,Black Unicorn,3,Red Unicorn,,0-312-86265-2,
Lee,Tanith,,,Heart-Beast,✓,0-440-21455-6,
LeGuin,Ursula K.,Gifts,1,Gifts,✓,0-15-205124-4,
LeGuin,Ursula K.,Gifts,2,Voices,✓,978-0-15-206242-2,
LeGuin,Ursula K.,,,Tombs of Atuan,✓,978-0-689-84536-9,
Lehr,Helene,,,Star of the North,,0-312-03939-5,
LeValliant,Ted,,,What's the Verdict?,✓,0-8069-7466-4,
Levin,Nora,,,Holocaust,,67-23676,
Levine,Gail Carson,Tale of Two Castles,1,Tale of Two Castles,✓,978-0-06-122967-1,
Levine,Gail Carson,The Princess Tales,,The Fairy's Return,,0-06-623800-5,
Levine,Gail Carson,,,Ella Enchanted,✓,0-06-440705-5,
Levine,Gail Carson,,,Ever,✓,978-0-06-122964-0,
Levine,Gail Carson,,,Fairest,✓,978-0-06-073410-7,
Levine,Gail Carson,,,Two Princesses of Bamarre,✓,0-439-39883-5,
Lewis,C. S.,Chronicles of Narnia,1,Magician's Nephew,✓,0-590-25475-8,
Lewis,C. S.,Chronicles of Narnia,2,"Lion, the Witch and the Wardrobe",✓,0-590-25476-6,
Lewis,C. S.,Chronicles of Narnia,3,Horse and His Boy,✓,0-590-25477-4,
Lewis,C. S.,Chronicles of Narnia,4,Prince Caspian,✓,0-590-25478-2,
Lewis,C. S.,Chronicles of Narnia,5,Voyage of the Dawn Treader,✓,0-590-25479-0,
Lewis,C. S.,Chronicles of Narnia,6,Silver Chair,✓,978-0-590-25480-9,
Lewis,C. S.,Chronicles of Narnia,7,Last Battle,✓,0-590-25481-2,
Lindskold,Jane,Through Wolf's Eyes,1,Through Wolf's Eyes,✓,978-0-8125-7548-4,
Lindskold,Jane,Through Wolf's Eyes,2,"Wolf's Head, Wolf's Heart",✓,0-812-57549-0,Taped
Lindskold,Jane,Through Wolf's Eyes,3,Dragon of Despair,✓,0-765-34158-1,
Lindskold,Jane,Through Wolf's Eyes,4,Wolf Captured,✓,978-0-7653-4823-4,
Lindskold,Jane,Through Wolf's Eyes,5,Wolf Hunting,✓,978-0-765-35143-2,
Lindskold,Jane,Through Wolf's Eyes,6,Wolf's Blood,✓,978-0-7653-5374-0,
Lint,Charles de,,,Onion Girl,✓,0-765-30381-7,
Lint,Charles de,,,Wolf Moon,✓,0-14-240077-7,
London,Jack,,,White Fang,✓,0-439-23619-3,
Longden,Deric,,,Cat Who Came In From the Cold,,0-553-08963-3,
Longstreet,Stephen,,,Stallion Road,,,
Loughney,Martin,,,Springs of Irish Wit,,,Collection of quotes by different people
Lowry,Lois,,,Giver,✓,0-440-23768-8,
Lu,Marie,Legend,1,Legend,,978-0-399-25675-2,
Lu,Marie,Legend,2,Prodigy,,978-0-399-25676-9,
Lu,Marie,Legend,3,Champion,,978-0-399-25677-6,
Lustbader,Eirc Van,Pearl,1,Ring of Five Dragons,,0-312-87235-6,
Lynch,Scott,Locke Lamora,1,Lies of Locke Lamora,✓,978-0-553-58894-1,
Lynch,Scott,Locke Lamora,2,Red Seas Under Red Skies,✓,978-0-553-58895-8,
Lynch,Scott,Locke Lamora,3,Republic of Thieves,✓,978-0-553-58896-5,
MacFarlane,Alex Dally,,,Aliens: Recent Encounters,✓,978-1-60701-391-4,Short story collection by different authors
Maija,,,,Magic of Maija,,,
Main,Michael,Computer Science,,Data Structures and Other Objects Using C++,✓,978-0-13-212948-0,
Malan,Violette,Dhylun and Parno,1,Sleeping God,✓,978-0-7564-0484-0,
Malan,Violette,Dhylun and Parno,2,Soldier King,✓,978-0-7564-0516-8,
Malan,Violette,Dhylun and Parno,3,Storm Witch,✓,978-0-7564-0574-8,
Malan,Violette,,,Mirror Prince,✓,978-0-7564-0423-9,
Mano,M. Morris,Electric Engineering,,Digital Design,,978-0-13-277420-8,
Mantzaris,Anna,,,1001 Things You Didn't Know You Wanted to Know,,978-1-4351-1027-4,
Marco,John,Eyes of God,1,Eyes of God,✓,0-7564-0096-1,
Marco,John,Eyes of God,2,Devil's Armor,✓,0-7564-0203-4,
Marlowe,Scott,Alchemancer,1,Five Elements,✓,978-1-45650-485-4,
Marlowe,Scott,Alchemancer,2,Nullification Engine,✓,978-1-49356-039-4,
Martel,Yann,,,Life of Pi,✓,0-15-603020-9,
Martin,Gail Z.,Ascendant Kingdoms Saga,1,Ice Forged,✓,978-0-316-09358-3,
Martin,Gail Z.,Ascendant Kingdoms Saga,2,Reign of Ash,✓,978-0-316-09363-7,
Martin,Gail Z.,Ascendant Kingdoms Saga,3,War of Shadows,✓,978-0-316-27802-7,
Martin,Gail Z.,Winter Kingdoms: 1 Chronicles of the Necromancer,1,Summoner,✓,978-1-84416-468-4,
Martin,Gail Z.,Winter Kingdoms: 1 Chronicles of the Necromancer,2,Blood King,✓,978-1-84416-531-5,
Martin,Gail Z.,Winter Kingdoms: 1 Chronicles of the Necromancer,3,Dark Haven,✓,978-1-84416-598-8,
Martin,Gail Z.,Winter Kingdoms: 1 Chronicles of the Necromancer,4,Dark Lady's Chosen,✓,978-1-84416-831-6,
Martin,Gail Z.,Winter Kingdoms: 2 Fallen Kings Cycle,1,Sworn,✓,978-0-316-09357-6,
Martin,Gail Z.,Winter Kingdoms: 2 Fallen Kings Cycle,2,Dread,✓,978-0-316-09361-3,
Martin,George R. R.,Song of Ice and Fire,1,Game of Thrones,✓,978-0-553-57340-4,
Martin,George R. R.,Song of Ice and Fire,2,Clash of Kings,✓,978-0-553-57990-1,
Martin,George R. R.,Song of Ice and Fire,3,Storm of Swords,✓,978-0-553-57342-8,
Martin,George R. R.,Song of Ice and Fire,4,Feast for Crows,✓,978-0-553-58202-4,
Martin,George R. R.,Song of Ice and Fire,5,Dance with Dragons,✓,978-0-00-648611-4,
Martin,Robert C.,Computer Science,,Agile Software Development,,0-13-597444-5,
Marzollo,Jean,,,I Spy Little Book,,0-590-34129--4,
Massie,Robert K.,,,Catherine the Great,✓,978-0-345-40877-8,
Maxey,James,Dragon Age,2,Dragonforge,✓,978-1-84416-581-0,
McCaffrey,Anne,Brainship,1,Ship Who Sang,✓,0-345-27551-9,
McCaffrey,Anne,Crystal,2,Nimisha's Ship,✓,0-345-43425-0,
McCaffrey,Anne,Crystal: Crystal Singer,1,Crystal Singer,✓,0-345-32786-1,
McCaffrey,Anne,Crystal: Crystal Singer,2,Killashandra,✓,0-345-31600-2,
McCaffrey,Anne,Crystal: Crystal Singer,3,Crystal Line,✓,0-345-38491-1,
McCaffrey,Anne,Doona,1,Decision at Doona,✓,0-345-27864-X,
McCaffrey,Anne,Pern: 1 Dragonriders of Pern,2,Dragonquest,✓,0-345-28425-9,
McCaffrey,Anne,Pern: 1 Dragonriders of Pern,3,White Dragon,✓,0-345-29525-0,
McCaffrey,Anne,Pern: 1 Dragonriders of Pern,1 - 3,Dragonriders of Pern,,,
McCaffrey,Anne,Pern: 2 Harper Hall,1,Dragonsong,✓,0-553-22557-X,
McCaffrey,Anne,Pern: 3,1,Moreta: Dragonlady of Pern,✓,0-345-29873-X,
McCaffrey,Anne,Pern: 3,4,Renegades of Pern,✓,0-345-36933-5,
McCaffrey,Anne,Pern: 3,11,Girl Who Heard Dragons,✓,0-812-51099-2,
McCaffrey,Anne,Talent,1,To Ride Pegasus,✓,0-345-27357-5,
McCaffrey,Anne,Talent,3,Pegasus in Space,✓,0-345-43467-6,
McCaffrey,Anne,,,Restoree,✓,0-345-27674-4,
McClellan,Brian,Powder Mage,1,Promise of Blood,✓,978-0-316-21904-4,
McClellan,Brian,Powder Mage,2,Crimson Campaign,✓,978-0-316-21907-5,
McCullough,David,,,1776,,0-7432-2671-2,
McGreevy,Paul,Little Guides,,Dogs,✓,1-875137-63-7,
McIntosh,Fiona,Quickening,1,Myrren's Gift,✓,978-0-06-074757-2,
McIntosh,Fiona,Quickening,2,Blood and Memory,✓,978-0-06-074759-6,
McIntosh,Fiona,Quickening,3,Bridge of Souls,✓,978-0-06-074761-9,
McKinley,Robin,Damar,1,Hero and the Crown,✓,978-0-14-130981-1,
McKinley,Robin,Damar,2,Blue Sword,✓,978-0-14-130975-0,
McKinley,Robin,,,Beauty: A Retelling of the Story of Beauty & the Beast,,978-0-06-440477-8,
McKinley,Robin,,,Dragonhaven,✓,978-0-441-01643-3,
McMurry,John E.,Chemistry,,General Chemistry: Atoms First,✓,978-0-558-36635-3,
McPhail,Melissa,Pattern of Shadow & Light,1,Cephrael's Hand,,978-0-9906291-5-3,
McPhail,Melissa,Pattern of Shadow & Light,2,Dagger of Adendigaeth,,978-0-9906291-3-9,
McPhail,Melissa,Pattern of Shadow & Light,3,Paths of Alir,,978-0-9906291-0-8,
Melville,Herman,,,Moby-Dick,,1-56619-263-3,
Merriam-Webster,,English,,Pocket Dictionary,✓,0-87779-500-2,
Messud,Claire,,,Emperor's Children,✓,978-0-307-27666-7,
Mikaelsen,Ben,,,Ghost of Spirit Bear,✓,978-0-545-24354-4,
Miller,Karen,Godspeaker,1,Empress,✓,978-0-316-00835-8,
Miller,Karen,Godspeaker,2,Riven Kingdom,✓,978-0-316-00836-5,
Miller,Karen,Godspeaker,3,Hammer of God,✓,978-0-316-00837-2,
Miller,Karen,Mage: 1,,Blight of Mages,✓,978-0-316-19834-9,
Miller,Karen,"Mage: 2 Kingmaker, Kingbreaker",1,Innocent Mage,✓,978-0-316-06780-5,
Miller,Karen,"Mage: 2 Kingmaker, Kingbreaker",2,Awakened Mage,✓,978-0-316-06781-2,
Miller,Karen,Mage: 3 Fisherman's Children,1,Prodigal Mage,✓,978-0-316-07640-1,
Miller,Karen,Mage: 3 Fisherman's Children,2,Reluctant Mage,✓,978-0-316-13338-8,
Milton,Joyce,,,Big Cats,✓,0-448-40564-4,
Minnton,Janyce,,,Legends of King Arthur,,65-17628,
Mitchard,Jacquelyn,,,Deep End of the Ocean,,0-670-86579-6,
Mitter,Rana,Economics,,Modern China,✓,978-0-19-922802-7,
"Modesitt, Jr.",L. E.,Corean Chronicles,8,Lady-Protector,✓,978-0-7653-6639-9,
Montgomery,L. M.,,,Anne of Green Gables,✓,0-694-01251-3,
Mooney,Dr. James,Math,,Calculus for AP* Physics C and Beyond,✓,978-1-413-82210-6,
Mooney,Dr. James,Physics,,Physics C,✓,978-1-4138-0492-8,
Moredun,P. R.,World of Eldaterra,1,Dragon Conspiracy,,978-0-06-076664-1,
Morpurgo,Michael,,,Animal Stories,✓,0-7534-5191-3,Short story collection by different authors
Mortenson,Greg,,,Three Cups of Tea,✓,978-0-14-303825-2,
Mostyn-Brown,Megan,,,Girl.,✓,978-0-573-65104-5,
Mull,Brandon,Fablehaven,1,Fablehaven,✓,978-1-4169-4720-2,
Mull,Brandon,Fablehaven,2,Rise of the Evening Star,✓,978-1-4169-5770-6,
Mull,Brandon,Fablehaven,3,Grip of the Shadow Plague,✓,978-1-4169-8603-4,
Mull,Brandon,Fablehaven,4,Secrets of the Dragon Sanctuary,✓,978-1-4169-9028-4,
Mull,Brandon,Fablehaven,5,Keys to the Demon Prison,✓,978-1-4169-9029-1,
Murdock,Catherine Gilbert,,,Princess Ben,,978-0-618-95971-6,
Nahm,Milton C.,,,Selections from Early Greek Philosophy,✓,65-10463,
Napoli,Donna Jo,,,North,✓,978-0-06-057989-0,
Napoli,Donna Jo,,,Sirena,✓,0-590-38389-2,
Naylor,Phyllis Reynolds,Club of Mysteries,3,Carlotta's Kittens,✓,0-689-83459-4,
Neumeier,Rachel,Griffin Mage,1 - 3,Griffin Mage Trilogy,✓,978-0-316-19354-2,
Nilsson,James W.,Electric Engineering,,Electric Circuits,,978-0-13-611499-4,
Nisan,Noam,Computer Science,,Elements of Computing Systems,✓,978-0-262-64068-8,
North,Sterling,,,Rascal,✓,0-439-58574-0,
North,Sterling,,,Wolfling,✓,0-14-036166-9,
Northcutt,Wendy,Darwin Awards,2,Unnatural Selection,,0-525-94623-3,
Northcutt,Wendy,Darwin Awards,3,Survival of the Fittest,✓,0-452-28572-0,
Novik,Naomi,Temeraire,1,His Magesty's Dragon,✓,978-0-345-48128-3,
Novik,Naomi,Temeraire,2,Throne of Jade,✓,978-0-345-48129-0,
Novik,Naomi,Temeraire,3,Black Powder War,✓,0-345-48130-5,
Novik,Naomi,Temeraire,4,Empire of Ivory,✓,978-0-345-49687-4,
Novik,Naomi,Temeraire,5,Victory of Eagles,✓,978-0-345-51225-3,
Novik,Naomi,Temeraire,6,Tongues of Serpents,✓,978-0-345-49690-4,
Novik,Naomi,Temeraire,7,Crucible of Gold,✓,978-0-345-52287-0,
O'Brien,Robert C.,,,Silver Crown,✓,0-689-84111-6,
O'Dell,Scott,,,Island of the Blue Dolphins,✓,0-440-94000-1,Taped
O'Mara,Lesley,,,Best Cat Stories,,0-517-07391-9,Short story collection by different authors
Okorafor,Nnedi,,,Kabu-Kabu Stories,✓,978-1-60701-405-8,
Orwell,George,,,Animal Farm,✓,0-451-52466-7,
PADI,,Scuba Diving,,Go Dive - Open Water Diver Manual,✓,1-878663-16-X,
Palma,Félix J.,,,Map of Time,,978-1-4391-6739-7,
Paolini,Christopher,Inheritance Cycle,1,Eragon,,0-375-82668-8,Taped outer cover
Paolini,Christopher,Inheritance Cycle,2,Eldest,,0-375-82670-X,Taped outer cover
Paolini,Christopher,Inheritance Cycle,3,Brisinger,,978-0-375-82672-6,
Paolini,Christopher,Inheritance Cycle,4,Inheritance,,978-0-375-85611-2,
Park,Linda Sue,,,Single Shard,✓,0-440-41851-8,
Paterson,Katherine,,,Bridge to Terabithia,✓,0-06-440184-7,
Patterson,David A.,Computer Science,,Computer Organization and Design,✓,978-0-12-374750-1,
Patterson,Janci,,,Thousand Faces,✓,978-1-51699-942-2,
Paulsen,Gary,Brian,1,Hatchet,✓,978-1-4169-3647-3,
Paulsen,Gary,Brian,3,Brian's Winter,✓,0-439-65031-3,
Paulsen,Gary,Brian,4,Brian's Return,✓,0-440-41379-6,
Paulsen,Gary,,,Winterdance,✓,0-15-600145-4,
Penner,Lucille Recht,,,Sitting Bull,✓,0-448-40937-2,
Perry,Anne,,,Tathea,✓,0-441-00970-0,
Petty,Jo,,,Apples of Gold,,,
Petty,Jo,,,Treasures of Silver,,0-8378-1768-4,
Petty,Jo,,,Wings of Silver,,67-21924,
Petzold,Charles,Computer Science,,CODE,✓,978-0-7356-1131-3,
Pfloog,Jan,,,Fox Book,✓,0-307-58143-8,
Philbrick,Rodman,,,The Last Book in the Universe,,0-439-08759-7,
Phillips,Holly,,,At the Edge of Waking,✓,978-1-60701-356-3,Short story collection
Phillpotts,Eden,,,Song of a Sailor Man,,,
Pierce,Tamora,Circle: 1 Circle of Magic,1,Sandry's Book,✓,0-590-55408-5,
Pierce,Tamora,Circle: 1 Circle of Magic,2,Tris's Book,✓,0-590-55409-3,
Pierce,Tamora,Circle: 1 Circle of Magic,3,Daja's Book,✓,0-590-55410-7,
Pierce,Tamora,Circle: 1 Circle of Magic,4,Brair's Book,✓,0-590-55411-5,
Pierce,Tamora,Circle: 2 Circle Opens,1,Magic Steps,✓,0-590-39605-6,
Pierce,Tamora,Circle: 2 Circle Opens,2,Street Mage,✓,0-590-39643-9,
Pierce,Tamora,Circle: 2 Circle Opens,3,Cold Fire,✓,0-590-39656-0,
Pierce,Tamora,Circle: 2 Circle Opens,4,Shatterglass,✓,0-590-39696-X,
Pierce,Tamora,Circle: 3,1,Will of the Empress,✓,0-439-44172-2,
Pierce,Tamora,Circle: 3,2,Melting Stones,✓,978-0-545-05265-8,
Pierce,Tamora,Tortall: 1 Beka Cooper,1,Terrier,,978-0-375-81468-6,
Pierce,Tamora,Tortall: 1 Beka Cooper,2,Bloodhound,✓,978-0-375-83817-0,
Pierce,Tamora,Tortall: 1 Beka Cooper,3,Mastiff,✓,978-0-375-83818-7,
Pierce,Tamora,Tortall: 2 Song of the Lioness,1,Alanna,✓,0-689-87855-9,
Pierce,Tamora,Tortall: 2 Song of the Lioness,2,In the Hands of the Goddess,✓,0-689-87858-7,
Pierce,Tamora,Tortall: 2 Song of the Lioness,3,Woman Who Rides Like a Man,✓,0-689-87858-3,
Pierce,Tamora,Tortall: 2 Song of the Lioness,4,Lioness Rampant,✓,0-689-87857-5,
Pierce,Tamora,Tortall: 3 Immortals,1,Wild Magic,✓,1-4169-0343-7,
Pierce,Tamora,Tortall: 3 Immortals,2,Wolf-Speaker,✓,1-4169-0344-5,
Pierce,Tamora,Tortall: 3 Immortals,3,Emperor Mage,✓,1-4169-0337-2,
Pierce,Tamora,Tortall: 3 Immortals,4,Realms of the Gods,✓,978-1-4169-0817-3,
Pierce,Tamora,Tortall: 4 Protector of the Small,1,First Test,✓,978-0-679-88917-5,
Pierce,Tamora,Tortall: 4 Protector of the Small,2,Page,✓,978-0-679-88918-2,
Pierce,Tamora,Tortall: 4 Protector of the Small,3,Squire,✓,978-0-679-88919-9,
Pierce,Tamora,Tortall: 4 Protector of the Small,4,Lady Knight,✓,978-0-375-81471-6,
Pierce,Tamora,Tortall: 5 Trickster,1,Trickster's Choice,✓,978-0-375-81472-3,
Pierce,Tamora,Tortall: 5 Trickster,2,Trickster's Queen,✓,978-0-375-81473-0,
Pierce,Tamora,,,Young Warriors,✓,0-375-82963-6,Short story collection by different authors
Pilcher,Rosamunde,,,September,,0-312-04419-4,
Pine,Red,,,Collected Songs of Cold Mountain,,0-914742-73-6,
Plutarch,,,,Lives of the Noble Romans,,,
Poe,Edgar Allan,Works of...,,Works of Poe,,,
Poe,Edgar Allan,,,Complete Tales and Poems,,978-1-4351-4458-3,
Poe,Edgar Allan,,,Tales of Edgar Allan Poe,,,
Pullman,Philip,His Dark Materials,1,Golden Compass,✓,978-0-440-23813-3,
Pullman,Philip,His Dark Materials,2,Subtle Knife,✓,978-0-440-23814-0,
Pullman,Philip,His Dark Materials,3,Amber Spyglass,✓,978-0-440-23815-7,
Quinn,Daniel,Ishmael,1,Ishmael: An Adventure of the Mind and Spirit,✓,978-0-553-37540-4,
Quinn,Daniel,Ishmael,2,My Ishmael,✓,0-553-37965-8,
Ranum,Orest,,,Century of Louis XIV,✓,0-06-139350-9,
Rasmussen,Rebecca,,,Bird Sisters,,978-0-307-71796-2,
Ratner,Vaddey,,,In the Shadow of the Banyan,,978-1-4516-5771-5,
Rawlings,Marjorie Kinnan,,,Yearling,✓,0-02-044931-3,
Rawn,Melanie,Desert: 1 Dragon Prince,1,Dragon Prince,✓,978-0-88677-450-9,
Rawn,Melanie,Desert: 1 Dragon Prince,2,Star Scroll,✓,0-88677-349-0,
Rawn,Melanie,Desert: 1 Dragon Prince,3,Sun-Runner's Fire,✓,0-88677-403-9,
Rawn,Melanie,Desert: 2 Dragon Star,1,Stronghold,✓,978-0-88677-482-0,
Rawn,Melanie,Desert: 2 Dragon Star,2,Dragon Token,✓,978-0-88677-542-1,
Rawn,Melanie,Desert: 2 Dragon Star,3,Skybowl,✓,978-0-88677-595-7,
Rawn,Melanie,Exiles,1,Ruins of Ambrai,✓,978-0-88677-668-8,
Rawn,Melanie,Exiles,2,Mageborn Traitor,,0-88677-730-5,
Ray,Blaine,,,Pauvre Anne,✓,0-929724-54-2,
Rees,Celia,Witch Child,1,Witch Child,✓,978-0-7636-4228-0,
Rees,Celia,Witch Child,2,Sorceress,,0-7636-1847-0,
Rice,Anne,,,Vampire Armand,✓,0-345-40927-2,
Richards,Susan,,,Chosen by a Horse,✓,978-0-15-603117-2,
Rinaldi,Ann,,,Ride Into Morning,✓,0-15-200673-7,
Riordan,Rick,Kane,1,Red Pyramid,,978-1-4231-1338-6,
Riordan,Rick,Kane,2,Throne of Fire,,978-1-4231-4056-6,
Riordan,Rick,Kane,3,Serpent's Shadow,,978-1-4231-4057-3,
Riordan,Rick,Olympus: 1 Percy Jackson and the Olympians,1,Lightning Thief,✓,978-0-7868-3865-3,
Riordan,Rick,Olympus: 1 Percy Jackson and the Olympians,2,Sea of Monsters,✓,978-0-545-00340-7,
Riordan,Rick,Olympus: 1 Percy Jackson and the Olympians,3,Titan's Curse,✓,978-0-545-05704-2,
Riordan,Rick,Olympus: 1 Percy Jackson and the Olympians,4,Battle of the Labyrinth,,978-1-4231-0146-8,
Riordan,Rick,Olympus: 1 Percy Jackson and the Olympians,5,Last Olympian,,978-1-4231-0147-5,
Riordan,Rick,Olympus: 2 Heroes of Olympus,1,Lost Hero,,978-1-4231-1339-3,
Riordan,Rick,Olympus: 2 Heroes of Olympus,2,Son of Neptune,,978-1-4231-4059-7,
Riordan,Rick,Olympus: 2 Heroes of Olympus,3,Mark of Athena,,978-1-4231-4060-3,
Riordan,Rick,Olympus: 2 Heroes of Olympus,4,House of Hades,,978-1-4231-4672-8,
Riordan,Rick,Olympus: 2 Heroes of Olympus,5,Blood of Olympus,,978-1-423-14673-5,
Rivoli,Pietra,,,Travels of a T-Shirt in the Global Economy,✓,978-0-470-28726-3,
Roberts,Ann Victoria,,,Louisa Elliott,,0-8092-4290-7,
Rogawski,Jon,Math,,Calculus,,978-1-4292-1073-7,
Rogers,Will,,,Sanity Is Where You Find It,,,
Roman,Dave,Avatar: the Last Airbender,0,Prequel: Zuko's Story,,978-0-345-51854-5,
Roth,Veronica,Divergent: 1 Backstories,1,Four,,978-0-06-234521-9,
Roth,Veronica,Divergent: 2 Main,1,Divergent,,978-0-06-202402-2,
Roth,Veronica,Divergent: 2 Main,2,Insurgent,,978-0-06-202404-6,
Roth,Veronica,Divergent: 2 Main,3,Allegiant,,978-0-06-202406-0,
Rothfuss,Patrick,Kingkiller Chronicle,1,Name of the Wind,✓,978-0-7564-0474-1,
Rothfuss,Patrick,Kingkiller Chronicle,2,Wise Man's Fear,✓,978-0-7564-0712-4,
Rothfuss,Patrick,,,Slow Regard of Silent Things,,978-0-7564-1043-8,Author & Artist Autographed
Rowling,J. K.,Harry Potter,1,Harry Potter and the Sorcerer's Stone,✓,978-0-590-35342-7,
Rowling,J. K.,Harry Potter,2,Harry Potter and the Chamber of Secrets,✓,978-0-439-06487-3,
Rowling,J. K.,Harry Potter,3,Harry Potter and the Prisoner of Azkaban,✓,978-0-439-13636-5,
Rowling,J. K.,Harry Potter,4,Harry Potter and the Goblet of Fire,✓,978-0-439-13960-1,
Rowling,J. K.,Harry Potter,5,Harry Potter and the Order of the Phoenix,✓,978-0-439-35807-1,
Rowling,J. K.,Harry Potter,6,Harry Potter and the Half-Blood Prince,✓,978-0-439-78596-9,
Rowling,J. K.,Harry Potter,7,Harry Potter and the Deathly Hallows,✓,978-0-545-13970-0,
Ruckley,Brian,Godless World,1,Winterbirth,✓,978-0-316-06806-2,
Ruckley,Brian,Godless World,2,Bloodheir,✓,978-0-316-06807-9,
Ryan,Pam Muñoz,,,Esperanza Rising,✓,0-439-12042-X,
Sage,Angie,Septimus Heap,1,Magyk,,0-06-057731-2,
Sage,Angie,Septimus Heap,2,Flyte,,978-0-06-057734-6,
Sage,Angie,Septimus Heap,3,Physik,✓,978-0-06-057739-1,
Sage,Angie,Septimus Heap,4,Queste,✓,978-0-06-088209-9,
Salinger,J. D.,,,Catcher in the Rye,✓,0-316-76917-7,
Salvatore,R.A.,Legend of Drizzt,4,Crystal Shard,✓,978-0-7869-4246-6,
Salvatore,R.A.,Legend of Drizzt,5,Streams of Silver,✓,978-0-7869-4265-7,
Salvatore,R.A.,Legend of Drizzt,6,Halfling's Gem,✓,978-0-7869-4289-3,
Sams,Jamie,,,Medicine Cards,,0-939680-53-X,
Sams,Jamie,,,Sacred Path Cards,,0-06-250762-1,
Sande,Warren,Computer Science,,Hello World!,✓,978-1-933-98849-8,
Sanderson,Brandon,Alcatraz,1,Alcatraz versus the Evil Librarians,✓,978-0-439-92552-5,
Sanderson,Brandon,Alcatraz,2,Alcatraz versus the Scrivener's Bones,✓,978-0-439-92554-9,
Sanderson,Brandon,Alcatraz,3,Alcatraz versus the Knights of Crystallia,✓,978-1-4440-0670-4,
Sanderson,Brandon,Alcatraz,4,Alcatraz versus the Shattered Lens,✓,978-1-4440-0671-1,
Sanderson,Brandon,Elantris,1,Elantris,✓,978-0-7653-5037-4,Author Autographed
Sanderson,Brandon,Elantris,2,Emperor's Soul,✓,978-1-61696-092-6,Author Autographed
Sanderson,Brandon,Legion,1,Legion,,978-1-59606-485-0,"Author Autographed, Numbered 284/1000"
Sanderson,Brandon,Legion,2,Legion: Skin Deep,,978-1-59606-690-8,Author Autographed
Sanderson,Brandon,Mistborn,1,Mistborn,✓,978-0-7653-5038-1,Author Autographed
Sanderson,Brandon,Mistborn,2,Well of Ascension,✓,978-0-7653-5613-0,Author Autographed
Sanderson,Brandon,Mistborn,3,Hero of Ages,✓,978-0-7653-5614-7,Author Autographed
Sanderson,Brandon,Mistborn,4,Alloy of Law,,978-0-7653-3042-0,Author Autographed
Sanderson,Brandon,Reckoners,1,Steelheart,,978-0-385-74356-3,
Sanderson,Brandon,Reckoners,1.5,Mitosis,,978-1-473-20935-0,
Sanderson,Brandon,Reckoners,2,Firefight,,978-0-385-74358-7,
Sanderson,Brandon,Rithmatist,1,Rithmatist,,978-0-7653-2032-2,Author Autographed
Sanderson,Brandon,Stormlight Archive,1,Way of Kings,,978-0-7653-2635-5,Author Autographed
Sanderson,Brandon,Stormlight Archive,2,Words of Radiance,,978-0-7653-2636-2,
Sanderson,Brandon,Warbreaker,1,Warbreaker,,978-0-7653-2030-8,Author Autographed
Sanderson,Brandon,,,Altered Perceptions,,,Editor Autographed; Short story collection by different authors
Sanderson,Brandon,,,Firstborn & Defending Elysium,,978-1-938570-00-1,Author Autographed
Sanderson,Brandon,,,Shadows Beneath,,978-1-938570-03-2,Author Autographed; Short story & draft comparisons by different authors
Sapkowski,Andrzej,,,Last Wish,✓,978-0-316-02918-6,
Sedia,Ekaterina,,,Bloody Fabulous,✓,978-1-60701-360-0,Short story collection by different authors
Sedia,Ekaterina,,,House of Discarded Dreams,✓,978-1-60701-228-3,
Sedia,Ekaterina,,,Moscow But Dreaming,✓,978-1-60701-362-4,
Sedia,Ekaterina,,,Secret History of Moscow,✓,978-1-60701-229-0,
Sewell,Anna,,,Black Beauty,✓,0-694-01243-2,
Shakespeare,William,,,William Shakespeare the Complete Works,,0-14-071450-2,
Shayne,Maggie,,,Angel's Pain,✓,978-0-7783-2498-0,
Shayne,Maggie,,,Demon's Kiss,✓,978-0-7783-2497-3,
Sheldon,Ann,Linda Craig,1,Palomino Mystery,✓,0-671-42650-8,
Shemilt,Jane,,,Daughter,✓,978-0-06-232047-6,
Sideman,Belle Becker,,,World's Best Fairy Tales,,67-27762,
Sigler,Scott,Galactic Football League,1,Rookie,✓,978-1-938120-09-1,
Sigler,Scott,Galactic Football League,2,Starter,✓,978-1-938120-10-7,
Sigler,Scott,Galactic Football League,3,All-Pro,✓,978-1-939366-92-4,
Sigler,Scott,Galactic Football League,4,MVP,✓,978-1-939366-93-1,
Simner,Janni Lee,Phantom Rider,2,Haunted Trail,✓,0-590-67314-9,
Smith,C. Lavett,,,Field Guide to Tropical Marine Fishes,,0-679-44601-X,Water Damage - Mold?
Smith,Sherwood,History of Sartorias-deles,1,Inda,,0-7564-0264-6,
Smith,Sherwood,History of Sartorias-deles,1,Inda,✓,978-0-7564-0422-2,
Smith,Sherwood,History of Sartorias-deles,2,Fox,✓,978-0-7564-0483-3,
Smith,Sherwood,History of Sartorias-deles,3,King's Shield,,978-0-7564-0500-7,
Smith,Sherwood,History of Sartorias-deles,4,Treason's Shore,✓,978-0-7564-0634-9,
Smith,Sherwood,History of Sartorias-deles,5,Banner of the Damned,✓,978-0-7564-0804-6,
Snicket,Lemony,Series of Unfortunate Events,1,Bad Beginning,,0-06-051828-6,"""Rare"" Edition"
Snicket,Lemony,Series of Unfortunate Events,2,Reptile Room,,0-06-440767-5,
Snicket,Lemony,Series of Unfortunate Events,3,Wide Window,,0-06-440768-3,
Snicket,Lemony,Series of Unfortunate Events,4,Miserable Mill,,0-06-440769-1,
Snicket,Lemony,Series of Unfortunate Events,5,Austere Academy,,0-06-440863-9,
Snicket,Lemony,Series of Unfortunate Events,6,Ersatz Elevator,,0-06-440864-7,
Snicket,Lemony,Series of Unfortunate Events,7,Vile Village,,0-06-440865-5,
Snicket,Lemony,Series of Unfortunate Events,8,Hostile Hospital,,978-0-06-440866-0,
Snicket,Lemony,Series of Unfortunate Events,9,Carnivorous Carnival,,0-06-441012-9,
Snicket,Lemony,Series of Unfortunate Events,10,Slippery Slope,,0-06-441013-7,
Snicket,Lemony,Series of Unfortunate Events,11,Grim Grotto,,0-06-441014-5,
Snicket,Lemony,Series of Unfortunate Events,12,Penultimate Peril,,978-0-06-441015-1,
Snicket,Lemony,Series of Unfortunate Events,13,End,,978-0-06-441016-8,
Sommer,Robin Langley,,,Little Book of Cats,,0-7607-0080-X,Poems by different authors
Soustelle,Jacques,,,Daily Life of the Aztecs,✓,0-8047-0721-9,
Sprunk,Jon,Shadow Saga,1,Shadow's Son,✓,978-1-61614-201-8,
Sprunk,Jon,Shadow Saga,2,Shadow's Lure,✓,978-1-61614-371-8,
Sprunk,Jon,Shadow Saga,3,Shadow's Master,✓,978-1-61614-605-4,
St. John,Lauren,,,Dolphin Song,✓,978-0-545-15414-7,
Stacey,Larraine,,,Lalia & Tokar and the Chaos Scroll,✓,1-894841-63-8,Author Autographed
Stallings,William,Computer Science,,Operating Systems,,978-0-13-230998-1,
Starr,Chester G.,,,Ancient Greeks,✓,0-19-501248-8,
Staveley,Brian,Chronicle of the Unhewn Throne,1,Emperor's Blades,,978-0-7653-3640-8,
Staveley,Brian,Chronicle of the Unhewn Throne,2,Providence of Fire,,978-0-7653-3641-5,
Steer,Dugald A.,,,Dragonology: The Complete Book of Dragons,,0-7636-2329-6,
Steger,Manfred B.,Economics,,Globalization,✓,978-0-19-955226-9,
Steindorff,George,,,When Egypt Ruled the East,✓,57-5276,
Stevenson,Robert Louis,Works of...,,Works of Stevenson,,,
Stevenson,Robert Louis,,,Kidnapped,✓,0-812-50473-9,
Stevenson,Robert Louis,,,Treasure Island,,0-06-029735-2,
Stoddard,Jason,,,Winning Mars,✓,978-1-60701-216-0,
Stoker,Bram,,,Dracula,✓,978-1-59308-004-4,
Stone,Jeff,Five Ancestors,1,Tiger,,0-375-83071-5,
Stone,Jeff,Five Ancestors,7,Dragon,,978-0-375-83079-2,
Straub,Peter,,,Floating Dragon,✓,0-425-06285-6,
Stroud,Jonathan,Bartimaeus,1,Ring of Solomon,,978-1-4231-2372-9,
Stroud,Jonathan,Bartimaeus,2,Amulet of Samarkand,✓,0-7868-5625-4,
Stroud,Jonathan,Bartimaeus,2,Amulet of Samarkand,,0-7868-1859-X,
Stroud,Jonathan,Bartimaeus,3,Golem's Eye,,0-7868-1860-3,
Stroud,Jonathan,Bartimaeus,4,Ptolemy's Gate,,0-7868-1861-1,
Sullivan,Michael J.,Riyria Revelations,1,Theft of Swords,✓,978-0-316-18774-9,
Sullivan,Michael J.,Riyria Revelations,2,Rise of Empire,✓,978-0-316-18770-1,
Sullivan,Michael J.,Riyria Revelations,3,Heir of Novron,✓,978-0-316-18771-8,
Talese,Gay,,,Honor Thy Father,✓,70-167287,
Tarr,Judith,,,Hound and the Falcon,,,
Taylor,K. J.,Cymria: 1 Fallen Moon,1,Dark Griffin,✓,978-0-441-01978-6,
Taylor,K. J.,Cymria: 1 Fallen Moon,2,Griffin's Flight,✓,978-0-441-01997-7,
Taylor,K. J.,Cymria: 1 Fallen Moon,3,Griffin's War,✓,978-0-441-02010-2,
Taylor,K. J.,Cymria: 2 Risen Sun,1,Shadow's Heir,✓,978-0-425-25823-1,
Taylor,K. J.,Cymria: 2 Risen Sun,2,Shadowed Throne,✓,978-0-425-25824-8,
Taylor,Mildred D.,,,"Roll of Thunder, Hear My Cry",✓,0-590-98207-9,
Tedford,Marie,,,Official Price Guide to Old Books,✓,0-8763-7915-3,
Thackeray,William Makepeace,,,Vanity Fair,,,
Theroux,Paul,,,Tao of Travel,,978-0-547-33691-6,
Thompson,Thomas,,,Serpentine,✓,0-7867-0749-6,
Tindall,George Brown,History,,America: A Narrative History,,978-0-393-92820-4,
Tipler,Paul A.,Physics,,Physics for Scientists and Engineers,,978-1-4292-0124-7,
Tobler,E. Catherine,,,Rings of Anubis,✓,978-1-60701-520-8,
Tolkien,J. R. R.,Lord of the Rings: 1,1,Hobbit,,0-395-87346-0,
Tolkien,J. R. R.,Lord of the Rings: 2,1 - 3,Lord of the Rings,✓,978-0-618-64015-7,
Tolkien,J. R. R.,,,Silmarillon,✓,0-618-12698-8,
Tolstoi,Leo,Works of...,,Works of Tolstoi,,,
Turtledove,Harry,Darkness,1,Into the Darkness,✓,0-812-57472-9,
Turtledove,Harry,Darkness,2,Darkness Descending,✓,0-812-57510-5,
Turtledove,Harry,Darkness,3,Through the Darkness,✓,0-812-58919-X,
Turtledove,Harry,Darkness,4,Rulers of the Darkness,✓,0-765-34075-5,
Turtledove,Harry,Darkness,5,Jaws of Darkness,✓,0-765-34318-5,
Turtledove,Harry,Darkness,6,Out of the Darkness,✓,0-765-34362-2,
Twain,Mark,,,Adventures of Huckleberry Finn,✓,978-1-59308-000-6,
Twain,Mark,,,Adventures of Tom Sawyer,,0-89577-217-5,
Twain,Mark,,,Complete Short Stories,,,
Twain,Mark,,,Innocents Abroad,,0-89577-339-2,
Tzu,Sun,,,Art of War,✓,978-1-59308-016-7,
Ulaby,Fawwaz T.,Electric Engineering,,Fundamentals of Applied Electromagnetics,,978-0-13-213931-1,
Vaughn,Carrie,Kitty Norville,1,Kitty and the Midnight Hour,✓,0-446-61641-9,
Vaughn,Carrie,Kitty Norville,2,Kitty Goes to Washington,✓,0-446-61642-7,
Vaughn,Carrie,Kitty Norville,5,Kitty and the Dead Man's Hand,✓,978-0-446-19953-7,
Vaughn,Carrie,Kitty Norville,6,Kitty Raises Hell,✓,978-0-446-19954-4,
Velde,Vivian Vande,,,Dragon's Bait,✓,0-15-216663-7,
Vera,Yvonne,,,Without a Name & Under the Tongue,✓,978-0-374-52816-4,
Voigt,Cynthia,,,Solitary Blue,✓,0-590-47157-0,
Voltaire,,,,Candide and Other Tales,,,
Waldo,Anna Lee,,,Sacajawea,✓,0-380-75606-4,
Wall,Steve,,,Widsom's Daughters,,0-06-016892-7,
Wallace,Bill,,,Coyote Autumn,✓,0-7434-2836-6,
Walley,Dean,,,... And Spring Shall Come,,0-87529-138-4,
Watt-Evans,Lawrence,Annals of the Chosen,1,Wizard Lord,✓,978-0-765-34901-9,
Weeks,Brent,Lightbringer,1,Black Prism,✓,978-0-316-06813-0,Author Autographed
Weeks,Brent,Lightbringer,2,Blinding Knife,,978-0-316-07991-4,Author Autographed
Weeks,Brent,Lightbringer,3,Broken Eye,,978-0-316-07992-1,Author Autographed
Weeks,Brent,Night Angel,1,Way of Shadows,✓,978-0-316-03367-1,Author Autographed
Weeks,Brent,Night Angel,2,Shadow's Edge,✓,978-0-316-03365-7,Author Autographed
Weeks,Brent,Night Angel,3,Beyond the Shadows,✓,978-0-316-03366-4,Author Autographed
Werfel,Franz,,,Song of Bernadette,,,
Westerfeld,Scott,Uglies,1,Uglies,✓,978-0-689-86538-1,
Westerfeld,Scott,Uglies,2,Pretties,✓,978-0-689-86539-8,
Westerfeld,Scott,Uglies,3,Specials,✓,978-1-4169-4795-0,
Westerfeld,Scott,Uglies,4,Extras,✓,978-1-4169-7121-4,
Wexler,Django,Shadow Campaigns,1,Thousand Names,✓,978-0-451-41805-0,
Wexler,Django,Shadow Campaigns,2,Shadow Throne,✓,978-0-451-41807-4,
Wheelan,Charles,Economics,,Naked Economics,✓,978-0-393-32486-0,
White,E. B.,,,Essays of E. B. White,,0-06-014576-5,
White,E. B.,,,Stuart Little,,,
Whyte,Jack,,,Singing Sword,✓,0-812-55139-7,
Wilde,Oscar,Works of...,,Works of Wilde,,,
Wilde,Oscar,,,Complete Fairy Tales of Oscar Wilde,✓,0-451-52435-7,
Williams,Beryl,,,Great Houdini,✓,,
Williams,Liz,,,WorldSoul,✓,978-1-60701-295-5,
Williams,Tad,Memory of Sorrow and Thorn,1,Dragonbone Chair,,,
Williams,Tad,Memory of Sorrow and Thorn,2,Stone of Farewell,,,
Williams,Tad,Memory of Sorrow and Thorn,3,To Green Angel Tower,,0-88677-521-3,
Willis,Connie,,,To Say Nothing of the Dog,✓,0-553-57538-4,
Wilson,James Q.,History,,American Government: Institutions and Policies,,987-1-111-83001-4,
Wrede,Patricia C.,Enchanted Forest Chronicles,1,Dealing with Dragons,✓,0-15-204566-X,
Wrede,Patricia C.,Enchanted Forest Chronicles,2,Searching for Dragons,✓,0-15-204565-1,
Wrede,Patricia C.,Enchanted Forest Chronicles,3,Calling on Dragons,✓,0-15-204692-5,
Wrede,Patricia C.,Enchanted Forest Chronicles,4,Talking to Dragons,✓,0-15-204691-7,
Wroblewski,David,,,Story of Edgar Sawtelle,,978-0-06-176806-4,
Yank,Kevin,Computer Science,,PHP & MySQL: Novice to Ninja,✓,978-0-9871530-8-1,
Yep,Laurence,,,Dragon's Gate,✓,0-590-20335-X,
Yolen,Jane,Pit Dragon: 1,1,Dragon's Blood,✓,0-15-205126-0,
Yolen,Jane,Pit Dragon: 1,2,Heart's Blood,✓,0-15-205118-X,
Yolen,Jane,Pit Dragon: 1,3,Sending of Dragons,✓,0-15-205128-7,
Yolen,Jane,Pit Dragon: 1,1 - 3,Pit Dragon Trilogy,,978-1-56865-900-8,
Yolen,Jane,Pit Dragon: 2,4,Dragon's Heart,,978-0-15-205919-4,
Yolen,Jane,,,Sword of the Rightful King,,0-15-202527-8,
Zill,Dennis G.,Math,,Differential Equations,,978-0-495-10836-8,
Zuzak,Markus,,,Book Thief,✓,978-0-375-84220-7,